# Blender 5.1.2
# www.blender.org
mtllib car2.mtl
o Cylinder.001
v -2.647312 1.618578 1.467355
v -2.733764 1.314237 1.470956
v -2.647312 1.618578 1.289541
v -2.733764 1.314237 1.281086
v -3.146032 1.349793 1.281086
v -3.059580 1.654134 1.289541
v -3.146032 1.349793 1.470956
v -3.059580 1.654134 1.467355
v -3.216581 1.628881 1.444929
v -3.216581 1.628881 1.311363
v -3.281520 1.400272 1.305011
v -3.281520 1.400272 1.447634
v -2.561739 1.302325 1.429091
v -2.611485 1.127202 1.431163
v -2.561739 1.302325 1.326774
v -2.611485 1.127202 1.321909
v -3.056189 1.642210 1.289795
v -2.674681 1.609306 1.289795
v -2.754683 1.327673 1.281970
v -3.136191 1.360577 1.281970
v -3.201476 1.618841 1.309988
v -3.261570 1.407289 1.304110
v -3.054130 1.641797 1.317666
v -2.672622 1.608894 1.317666
v -2.752624 1.327260 1.309841
v -3.134132 1.360164 1.309841
v -3.199417 1.618428 1.337859
v -3.259511 1.406876 1.331982
v 1.607042 -1.050211 1.805390
v 1.607042 -1.050211 4.556760
v 1.607042 -0.241603 4.294027
v 1.607042 0.258143 3.606186
v 1.607042 0.258143 2.755965
v 1.607042 -0.241604 2.068122
v 1.607042 -1.050212 -4.678524
v 1.607042 -1.050212 -1.927153
v 1.607042 -0.241604 -2.189886
v 1.607042 0.258142 -2.877729
v 1.607042 0.258142 -3.727949
v 1.607042 -0.241605 -4.415792
v -1.607042 -1.050211 1.805390
v -1.607042 -1.050211 4.556760
v -1.607042 -0.241603 4.294027
v -1.607043 0.258143 3.606186
v -1.607043 0.258143 2.755965
v -1.607042 -0.241604 2.068122
v -1.607042 -1.050212 -4.678524
v -1.607042 -1.050212 -1.927153
v -1.607042 -0.241604 -2.189886
v -1.607043 0.258142 -2.877729
v -1.607043 0.258142 -3.727949
v -1.607042 -0.241605 -4.415792
v 2.717098 1.160414 -5.434875
v 2.717099 -1.160415 -5.434875
v 2.717098 1.160415 5.434875
v 2.717099 -1.160414 5.434875
v -2.717098 1.160414 -5.434875
v -2.717098 -1.160415 -5.434875
v -2.717098 1.160415 5.434875
v -2.717098 -1.160414 5.434875
v -2.717098 -1.160414 1.568832
v 2.717098 1.160415 1.568832
v -2.717098 1.160415 1.568832
v 2.717099 -1.160414 1.568832
v -1.789151 3.466290 0.372873
v -1.789151 3.466289 -4.238917
v 1.789150 3.466289 -4.238917
v 1.789150 3.466290 0.372873
v 2.898729 -0.000001 -5.833138
v -2.898729 0.000001 5.763223
v 2.898729 0.000001 5.763223
v -2.898729 -0.000001 -5.833138
v 2.898729 0.000000 1.638747
v -2.898729 0.000000 1.638747
v 2.807914 -0.580206 5.599049
v 2.807914 -0.580208 -5.634007
v 2.898729 0.000001 5.150165
v -2.898729 0.000001 5.150165
v 2.717099 -1.160414 4.860229
v -2.717098 1.160415 4.860229
v 2.717098 1.160415 4.860229
v -2.717098 -1.160414 4.860229
v -2.717098 1.160414 -1.982422
v -2.717098 1.160414 -1.883621
v 2.717099 -1.160415 -1.883620
v -2.717098 -1.160415 -1.883620
v 2.717098 1.160414 -1.883621
v 2.717098 1.160414 -1.982422
v -1.789151 3.466289 -1.982422
v -1.789151 3.466289 -1.883622
v 1.789150 3.466290 -1.982422
v 1.789150 3.466290 -1.883622
v 2.898729 -0.000000 -2.146597
v 2.898729 -0.000000 -2.047794
v -2.898729 -0.000000 -2.047794
v -2.898729 -0.000000 -2.146597
v -2.807914 -0.580208 -5.634007
v 2.807914 -0.580207 1.603789
v -2.807914 -0.580207 1.603789
v -2.807914 -0.580206 5.599049
v -2.807914 -0.580206 5.005197
v 2.807914 -0.580206 5.005197
v -2.807914 -0.580207 -2.064510
v -2.807914 -0.580207 -1.965707
v 2.807914 -0.580207 -1.965707
v 2.807914 -0.580207 -2.064510
v -2.957539 -1.167278 4.860229
v -2.886441 -1.169636 5.775072
v 2.977950 -0.589431 5.937857
v 2.886441 -1.169636 5.775072
v 2.957538 -1.167278 4.860229
v -3.048354 -0.587070 5.005197
v -2.977951 -0.589431 5.937857
v 3.048353 -0.587070 5.005197
v -2.717098 1.160414 -4.879605
v -1.789151 3.466289 -3.875997
v -2.898729 -0.000001 -5.240220
v -2.717098 -1.160415 -4.879605
v 2.717099 -1.160415 -4.879605
v 2.898729 -0.000001 -5.240220
v 2.717098 1.160414 -4.879605
v 1.789150 3.466289 -3.875997
v 2.807914 -0.580208 -5.059914
v -2.807914 -0.580208 -5.059914
v 2.913157 -1.172122 -5.825335
v -2.913157 -1.172122 -5.825335
v 3.003171 -0.591917 -6.026069
v -3.003172 -0.591917 -6.026069
v -2.994501 -1.168335 -4.879605
v -3.085316 -0.588127 -5.059914
v 2.994500 -1.168335 -4.879605
v 3.085315 -0.588128 -5.059914
v -2.696910 1.210580 -1.645220
v -2.696910 1.210581 1.302996
v -1.809339 3.416123 0.159076
v -1.809339 3.416123 -1.645222
v 2.575827 1.211006 -5.408634
v -2.575827 1.211006 -5.408634
v -1.688599 3.415696 -4.265156
v 1.688599 3.415697 -4.265156
v -2.575827 1.211007 1.542592
v 2.575827 1.211007 1.542592
v 1.688599 3.415698 0.399113
v -1.688599 3.415697 0.399113
v 2.696910 1.210581 1.302996
v 2.696910 1.210580 -1.645220
v 1.809339 3.416124 -1.645222
v 1.809339 3.416124 0.159076
v -2.696910 1.210580 -4.618374
v -2.696910 1.210580 -2.220823
v -1.809339 3.416123 -2.220822
v -1.809339 3.416123 -3.658433
v 2.696910 1.210580 -2.220823
v 2.696910 1.210580 -4.618374
v 1.809339 3.416123 -3.658433
v 1.809339 3.416123 -2.220822
v -2.630800 1.205728 1.302996
v -2.630800 1.205728 -1.645220
v -1.743229 3.411271 -1.645222
v -1.743229 3.411271 0.159076
v -2.575827 1.207853 -5.275274
v 2.575827 1.207853 -5.275274
v 1.688599 3.412544 -4.131796
v -1.688599 3.412544 -4.131796
v -2.575827 1.207854 1.409231
v 2.575827 1.207854 1.409231
v -1.688599 3.412544 0.265753
v 1.688599 3.412544 0.265753
v 2.630800 1.205728 1.302996
v 2.630800 1.205728 -1.645220
v 1.743229 3.411271 0.159076
v 1.743229 3.411271 -1.645222
v -2.630800 1.205727 -4.618374
v -2.630800 1.205727 -2.220823
v -1.743229 3.411271 -3.658433
v -1.743229 3.411271 -2.220822
v 2.630800 1.205727 -4.618374
v 2.630800 1.205728 -2.220823
v 1.743229 3.411271 -2.220822
v 1.743229 3.411271 -3.658433
v 0.957355 1.160415 2.634677
v -0.957355 1.160415 2.634677
v -0.957355 1.160415 3.794383
v 0.957355 1.160415 3.794383
v -0.957355 1.247351 3.794383
v -0.957355 1.440378 2.634677
v 0.957355 1.440378 2.634677
v 0.957355 1.247351 3.794383
v -1.789151 3.446449 -4.238917
v 1.789150 3.446449 -4.238917
v -1.789151 3.446449 -3.875997
v 1.789150 3.446449 -3.875997
v -1.341863 3.446449 -4.238917
v -0.894575 3.446449 -4.238917
v -0.447288 3.446449 -4.238917
v 0.000000 3.446449 -4.238917
v 0.447288 3.446449 -4.238917
v 0.894575 3.446449 -4.238917
v 1.341863 3.446449 -4.238917
v -1.341863 3.446449 -3.875997
v -0.894575 3.446449 -3.875997
v -0.447288 3.446449 -3.875997
v 0.000000 3.446449 -3.875997
v 0.447288 3.446449 -3.875997
v 0.894575 3.446449 -3.875997
v 1.341863 3.446449 -3.875997
v -1.341863 3.701927 -4.238917
v -0.894575 3.701927 -4.238917
v -0.447288 3.701927 -4.238917
v 0.000000 3.701927 -4.238917
v 0.447288 3.701927 -4.238917
v 0.894575 3.701927 -4.238917
v 1.341863 3.701927 -4.238917
v -1.341863 3.701927 -3.875997
v -0.894575 3.701927 -3.875997
v -0.447288 3.701927 -3.875997
v 0.000000 3.701927 -3.875997
v 0.447288 3.701927 -3.875997
v 0.894575 3.701927 -3.875997
v 1.341863 3.701927 -3.875997
v -2.528800 3.689000 -4.268091
v 2.528800 3.689000 -4.268091
v -2.528800 3.689000 -3.846823
v 2.528800 3.689000 -3.846823
v -2.528800 3.950365 -4.268091
v 2.528800 3.950365 -4.268091
v -2.528800 3.737343 -3.846823
v 2.528800 3.737343 -3.846823
v 0.811123 0.753413 -5.574560
v -0.811123 0.753413 -5.574560
v 0.865345 0.407000 -5.693452
v -0.865345 0.407000 -5.693452
v -0.811123 0.771610 -5.627578
v 0.811123 0.771610 -5.627578
v 0.865345 0.425196 -5.746470
v -0.865345 0.425196 -5.746470
v 0.622416 0.713119 5.561440
v -0.622416 0.713118 5.561440
v -0.664023 0.447298 5.636657
v 0.664023 0.447298 5.636657
v -0.664023 0.458388 5.675850
v -0.622416 0.724208 5.600634
v 0.622416 0.724208 5.600634
v 0.664023 0.458388 5.675850
v -2.717098 -1.160415 -1.962960
v -2.734347 -1.050212 -1.927153
v 2.734348 -1.050211 1.805390
v 2.717099 -1.160414 1.841197
v 1.607042 -1.160414 1.841197
v 1.607042 -1.160414 4.520952
v 2.898729 -0.000000 -2.522425
v 2.860913 -0.241605 -4.415792
v -2.794810 -0.663926 -2.052665
v 2.898729 -0.000001 -4.083252
v 2.734348 -1.050211 4.556760
v 2.717099 -1.160414 4.520952
v -2.807914 -0.580207 -2.079867
v -2.860913 -0.241604 -2.189886
v 2.807914 -0.580207 -2.079867
v 2.860913 -0.241604 -2.189886
v 2.807914 -0.580208 -4.525810
v -2.898729 -0.000000 -2.522425
v -2.858324 0.258142 -2.877729
v 2.734348 -1.050212 -1.927153
v 2.717099 -1.160415 -1.962960
v 2.807914 -0.580206 4.404046
v 2.860913 -0.241603 4.294027
v -2.858324 0.258142 -3.727949
v 2.794810 -0.663926 -2.052665
v -2.898729 -0.000001 -4.083252
v 2.898729 0.000001 3.961488
v 2.858324 0.258143 3.606186
v -2.860913 -0.241605 -4.415792
v -2.807914 -0.580208 -4.525810
v 2.858324 0.258143 2.755965
v -1.607042 -1.160415 -1.962960
v 1.607042 -1.160415 -1.982422
v 1.607042 -1.160415 -1.962960
v -1.607042 -1.160415 -1.982422
v -2.734347 -1.050212 -4.678524
v 2.898729 0.000000 2.400661
v -1.607042 -1.160415 -4.642716
v 2.860913 -0.241604 2.068122
v 2.807914 -0.580207 1.958103
v -2.898729 0.000001 3.961488
v -2.858324 0.258143 2.755965
v -2.898729 0.000000 2.400661
v -2.858324 0.258143 3.606186
v -2.717098 -1.160414 4.520952
v -2.717098 -1.160414 1.841197
v -1.607042 -1.160414 1.841197
v -2.717098 -1.160415 -4.642716
v 1.607042 -1.160415 -4.642716
v 2.717099 -1.160415 -4.642716
v 2.734348 -1.050212 -4.678524
v -1.607042 -1.160414 4.520952
v -2.860913 -0.241603 4.294027
v 2.858324 0.258142 -2.877729
v 2.858324 0.258142 -3.727949
v -2.807914 -0.580206 4.404046
v -2.860913 -0.241604 2.068122
v -2.807914 -0.580207 1.958103
v -2.734347 -1.050211 4.556760
v -2.734347 -1.050211 1.805390
v 2.161817 0.972298 -5.499437
v 1.434037 0.972298 -5.499437
v 2.186141 0.188115 -5.768576
v 1.409712 0.188115 -5.768576
v 1.434037 1.005021 -5.594781
v 2.161817 1.005021 -5.594781
v 2.186141 0.220837 -5.863918
v 1.409712 0.220837 -5.863918
v 2.176282 0.505965 -5.659487
v 1.419571 0.505965 -5.659487
v 2.176282 0.538688 -5.754829
v 1.419571 0.538688 -5.754829
v 1.658336 0.972298 -5.499437
v 1.649005 0.188115 -5.768576
v 1.658336 1.005021 -5.594781
v 1.649005 0.220837 -5.863918
v 1.652787 0.538688 -5.754829
v 1.652787 0.505965 -5.659487
v -2.161816 0.972298 -5.499437
v -1.434037 0.972298 -5.499437
v -2.186141 0.188114 -5.768576
v -1.409712 0.188115 -5.768576
v -1.434037 1.005021 -5.594781
v -2.161816 1.005021 -5.594781
v -2.186141 0.220837 -5.863918
v -1.409712 0.220837 -5.863918
v -2.176282 0.505965 -5.659487
v -1.419572 0.505965 -5.659487
v -2.176282 0.538688 -5.754829
v -1.419572 0.538688 -5.754829
v -1.658337 0.972298 -5.499437
v -1.649005 0.188115 -5.768576
v -1.658337 1.005021 -5.594781
v -1.649005 0.220837 -5.863918
v -1.652787 0.538688 -5.754829
v -1.652787 0.505965 -5.659487
v 2.508150 0.873369 5.516096
v 1.097779 0.873369 5.516096
v 1.050639 0.287047 5.682000
v 2.555290 0.287047 5.682000
v 1.050639 0.319325 5.796073
v 1.097779 0.905647 5.630168
v 2.508150 0.905647 5.630168
v 2.555290 0.319325 5.796073
v 2.238897 0.873369 5.516096
v 2.268038 0.287047 5.682000
v 2.238897 0.905647 5.630168
v 2.268038 0.319325 5.796073
v -2.508149 0.873369 5.516096
v -1.097779 0.873369 5.516096
v -1.050640 0.287047 5.682000
v -2.555290 0.287047 5.682000
v -1.050640 0.319325 5.796073
v -1.097779 0.905647 5.630168
v -2.508149 0.905647 5.630168
v -2.555290 0.319325 5.796073
v -2.238897 0.873369 5.516096
v -2.268038 0.287047 5.682000
v -2.238897 0.905647 5.630168
v -2.268038 0.319325 5.796073
v 2.792828 0.676593 -1.222360
v 2.823000 0.483821 -1.210746
v 2.792828 0.676593 -1.795891
v 2.823000 0.483821 -1.823164
v 3.032663 0.714132 -1.222360
v 3.062836 0.521361 -1.210746
v 3.032663 0.714132 -1.795891
v 3.062836 0.521361 -1.823164
v 2.703934 1.618578 1.467355
v 2.790386 1.314237 1.470956
v 2.703934 1.618578 1.289541
v 2.790386 1.314237 1.281086
v 3.202654 1.349793 1.281086
v 3.116202 1.654134 1.289541
v 3.202654 1.349793 1.470956
v 3.116202 1.654134 1.467355
v 3.273203 1.628882 1.444929
v 3.273203 1.628882 1.311363
v 3.338142 1.400272 1.305011
v 3.338142 1.400272 1.447634
v 2.618361 1.302325 1.429091
v 2.668107 1.127203 1.431163
v 2.618361 1.302325 1.326774
v 2.668107 1.127203 1.321909
v 3.112811 1.642210 1.289795
v 2.731303 1.609307 1.289795
v 2.811305 1.327673 1.281970
v 3.192813 1.360577 1.281970
v 3.258098 1.618841 1.309988
v 3.318192 1.407289 1.304110
v 3.110752 1.641797 1.317666
v 2.729244 1.608894 1.317666
v 2.809246 1.327261 1.309841
v 3.190754 1.360164 1.309841
v 3.256038 1.618429 1.337859
v 3.316133 1.406876 1.331982
v -2.656104 0.676593 -1.222360
v -2.686276 0.483822 -1.210746
v -2.656104 0.676593 -1.795891
v -2.686276 0.483821 -1.823164
v -2.895940 0.714132 -1.222360
v -2.926112 0.521361 -1.210746
v -2.895940 0.714132 -1.795891
v -2.926112 0.521361 -1.823164
vn -0.1284 -0.0575 -0.9901
vn -0.1284 -0.0576 -0.9901
vn 0.0859 0.9963 -0.0000
vn 0.0010 0.0115 0.9999
vn -0.0859 -0.9963 -0.0000
vn -0.8370 -0.5472 -0.0000
vn -0.1588 0.9873 -0.0000
vn -0.9619 0.2733 -0.0000
vn -0.1497 0.0542 0.9872
vn -0.3491 -0.9371 -0.0000
vn -0.1066 0.1775 -0.9783
vn 0.9619 -0.2733 -0.0000
vn 0.2325 -0.0546 0.9711
vn 0.9653 0.2612 -0.0000
vn 0.2535 -0.0452 -0.9663
vn -0.0859 -0.9963 -0.0084
vn -0.9598 0.2706 0.0749
vn -0.0019 -0.0218 -0.9998
vn -0.0206 0.0336 -0.9992
vn 0.0065 0.0758 -0.9971
vn -0.0608 0.0450 -0.9971
vn -0.0609 0.0450 -0.9971
vn 0.0023 0.0271 -0.9996
vn -0.1483 0.0695 -0.9865
vn 0.1552 -0.9875 -0.0261
vn 0.0859 0.9963 0.0084
vn 0.3473 0.9377 -0.0118
vn 0.9598 -0.2706 -0.0749
vn -0.0000 1.0000 -0.0000
vn -0.0000 0.2723 0.9622
vn -0.0732 0.9973 -0.0000
vn -0.0000 -1.0000 -0.0000
vn 0.9880 0.1546 -0.0000
vn -0.0000 0.3246 -0.9458
vn 0.9277 0.3733 -0.0000
vn 0.9880 -0.1546 -0.0000
vn 0.0330 -0.4497 -0.8926
vn 0.9292 -0.3694 -0.0087
vn -0.9880 -0.1546 -0.0000
vn -0.0000 -0.3246 -0.9458
vn 0.0732 0.9973 -0.0000
vn -0.0000 -0.2723 0.9622
vn -0.9880 0.1546 -0.0000
vn -0.9277 0.3733 -0.0000
vn 0.9292 -0.3694 0.0087
vn -0.0407 0.9992 0.0049
vn -0.0315 0.9995 0.0012
vn -0.0427 0.9991 0.0058
vn 0.0084 0.2956 0.9553
vn 0.0407 0.9992 0.0049
vn 0.0315 0.9995 0.0012
vn 0.0285 0.9996 -0.0000
vn 0.0069 0.2414 -0.9704
vn -0.0414 -0.9991 0.0064
vn -0.0325 -0.9995 0.0020
vn -0.0285 -0.9996 -0.0000
vn -0.9818 -0.1745 0.0744
vn -0.9819 -0.1737 0.0751
vn -0.9821 -0.1727 0.0759
vn -0.0000 -0.2701 0.9628
vn 0.9819 -0.1737 0.0751
vn 0.9818 -0.1745 0.0744
vn 0.9821 -0.1727 0.0759
vn -0.0000 -0.9996 -0.0271
vn -0.0000 0.9996 0.0272
vn -0.0405 -0.9992 -0.0050
vn -0.0315 -0.9995 -0.0013
vn -0.0426 -0.9991 -0.0059
vn 0.0405 -0.9992 -0.0050
vn 0.0315 -0.9995 -0.0013
vn 0.0285 -0.9996 -0.0000
vn -0.0069 0.2414 -0.9704
vn 0.0414 -0.9991 0.0064
vn 0.0325 -0.9995 0.0020
vn 0.0441 -0.9990 0.0078
vn -0.0330 -0.4497 -0.8926
vn -0.9802 -0.1798 -0.0833
vn -0.9801 -0.1802 -0.0830
vn -0.9802 -0.1794 -0.0836
vn -0.0000 -0.3270 -0.9450
vn 0.9801 -0.1802 -0.0830
vn 0.9802 -0.1798 -0.0833
vn 0.9802 -0.1794 -0.0836
vn -0.0000 -0.9996 0.0300
vn -0.0418 0.9991 -0.0064
vn -0.0325 0.9995 -0.0019
vn -0.0285 0.9996 -0.0000
vn -0.0000 0.9996 -0.0299
vn -0.0084 0.2956 0.9553
vn 0.0418 0.9991 -0.0064
vn 0.0325 0.9995 -0.0019
vn 0.0445 0.9990 -0.0077
vn -0.0000 0.4604 -0.8877
vn -0.0000 0.4604 0.8877
vn -0.0732 -0.9973 -0.0000
vn -0.9292 -0.3694 0.0087
vn -0.0286 -0.3892 0.9207
vn -0.0000 -0.9997 -0.0236
vn -0.0000 -0.0000 1.0000
vn -0.0000 -0.0000 -1.0000
vn -0.0000 -0.9997 0.0236
vn 0.0732 -0.9973 -0.0000
vn 0.0286 -0.3892 0.9207
vn -0.0000 0.9997 0.0236
vn -0.0000 0.9997 -0.0236
vn -0.9292 -0.3694 -0.0087
vn -0.0000 0.9864 0.1642
vn 1.0000 -0.0000 -0.0000
vn -1.0000 -0.0000 -0.0000
vn -0.0000 0.8924 0.4513
vn -0.0000 -0.3246 0.9458
vn -0.9892 0.1385 0.0475
vn -0.0000 0.9458 0.3246
vn -0.0000 -0.9458 -0.3246
vn 0.9892 0.1385 0.0475
vn -0.0000 -0.2723 -0.9622
vn -0.0000 -0.9622 0.2723
vn -0.0000 0.9622 -0.2723
vn 0.9888 0.1433 -0.0405
vn -0.9888 0.1433 -0.0405
vn -0.0000 0.3090 0.9511
vn -0.0000 0.3090 -0.9511
vn -0.0000 -0.3090 -0.9511
vn -0.0000 -0.8090 -0.5878
vn -0.0000 -0.8090 0.5878
vn -0.0000 -0.3090 0.9511
vn 0.0002 -0.3092 -0.9510
vn 0.0001 -0.3091 -0.9510
vn -0.0000 -0.3091 -0.9510
vn -0.9880 -0.1547 -0.0000
vn 0.9996 0.0277 0.0095
vn -0.9996 0.0277 0.0095
vn -0.9970 0.0742 -0.0210
vn 0.9970 0.0742 -0.0210
vn 0.1546 -0.9880 -0.0000
vn -0.0092 0.0587 0.9982
vn -0.1546 0.9880 -0.0000
vn -0.0214 0.1368 -0.9904
vn 0.1284 -0.0575 -0.9901
vn 0.1284 -0.0576 -0.9901
vn -0.0859 0.9963 -0.0000
vn -0.0010 0.0115 0.9999
vn 0.0859 -0.9963 -0.0000
vn 0.8370 -0.5472 -0.0000
vn 0.1588 0.9873 -0.0000
vn 0.9619 0.2733 -0.0000
vn 0.1497 0.0542 0.9872
vn 0.3491 -0.9371 -0.0000
vn 0.1066 0.1775 -0.9783
vn -0.9619 -0.2733 -0.0000
vn -0.2325 -0.0546 0.9711
vn -0.9653 0.2612 -0.0000
vn -0.2535 -0.0452 -0.9663
vn 0.0859 -0.9963 -0.0084
vn 0.9598 0.2706 0.0749
vn 0.0019 -0.0218 -0.9998
vn 0.0206 0.0336 -0.9992
vn -0.0065 0.0758 -0.9971
vn 0.0608 0.0450 -0.9971
vn 0.0609 0.0450 -0.9971
vn -0.0023 0.0271 -0.9996
vn 0.1483 0.0695 -0.9865
vn -0.1552 -0.9875 -0.0261
vn -0.0859 0.9963 0.0084
vn -0.3473 0.9377 -0.0118
vn -0.9598 -0.2706 -0.0749
vn -0.1546 -0.9880 -0.0000
vn 0.0092 0.0587 0.9982
vn 0.1546 0.9880 -0.0000
vn 0.0214 0.1368 -0.9904
vn 0.0427 0.9991 0.0058
vn -0.0441 -0.9990 0.0078
vn -0.9817 -0.1755 0.0737
vn 0.9817 -0.1755 0.0737
vn 0.0426 -0.9991 -0.0059
vn -0.9801 -0.1806 -0.0826
vn 0.9801 -0.1806 -0.0826
vn -0.0444 0.9990 -0.0077
vn 0.7071 -0.7071 -0.0000
vn 0.4444 -0.1111 0.8889
vn -0.9619 -0.2732 -0.0000
vt 0.052063 0.886330
vt 0.053834 0.877288
vt 0.053757 0.876292
vt 0.485515 0.919842
vt 0.482042 0.946545
vt 0.485515 0.946543
vt 0.202131 0.902092
vt 0.206149 0.880338
vt 0.199565 0.875505
vt 0.430557 0.918923
vt 0.434266 0.892223
vt 0.430557 0.892222
vt 0.433444 0.884303
vt 0.482466 0.909676
vt 0.482042 0.919844
vt 0.482330 0.905470
vt 0.485075 0.909674
vt 0.485116 0.905468
vt 0.203857 0.912124
vt 0.208716 0.906923
vt 0.433804 0.927698
vt 0.434266 0.918923
vt 0.058407 0.873925
vt 0.058642 0.881493
vt 0.058698 0.872659
vt 0.981187 0.697541
vt 0.979128 0.701182
vt 0.981263 0.701182
vt 0.205014 0.869252
vt 0.979188 0.697541
vt 0.981876 0.691771
vt 0.978402 0.691771
vt 0.054913 0.919160
vt 0.056093 0.908080
vt 0.049514 0.912917
vt 0.973303 0.047545
vt 0.973559 0.022965
vt 0.973013 0.022839
vt 0.774143 0.920778
vt 0.773698 0.915726
vt 0.773598 0.920907
vt 0.049908 0.911180
vt 0.055996 0.906703
vt 0.128047 0.937778
vt 0.122414 0.918097
vt 0.122414 0.942814
vt 0.128047 0.913061
vt 0.123087 0.908702
vt 0.973303 0.013425
vt 0.773903 0.945486
vt 0.773358 0.945614
vt 0.773698 0.953737
vt 0.982920 0.322375
vt 0.982376 0.326761
vt 0.982920 0.326774
vt 0.549327 0.013425
vt 0.538103 0.365371
vt 0.549327 0.365371
vt 0.712572 0.025188
vt 0.735298 0.388898
vt 0.735298 0.013425
vt 0.387775 0.364064
vt 0.340941 0.359782
vt 0.340943 0.364064
vt 0.031299 0.031391
vt 0.020072 0.383337
vt 0.031299 0.383337
vt 0.036871 0.440130
vt 0.058652 0.434483
vt 0.036871 0.428153
vt 0.477063 0.025188
vt 0.500202 0.388898
vt 0.500202 0.013425
vt 0.392860 0.365371
vt 0.381166 0.305273
vt 0.374077 0.305273
vt 0.025148 0.579114
vt 0.036871 0.508729
vt 0.025148 0.509380
vt 0.269484 0.934125
vt 0.266901 0.866641
vt 0.266901 0.937541
vt 0.433162 0.691934
vt 0.452586 0.749395
vt 0.455192 0.749395
vt 0.372048 0.086238
vt 0.339119 0.292559
vt 0.372048 0.292559
vt 0.108949 0.574125
vt 0.097226 0.503740
vt 0.097226 0.573474
vt 0.511253 0.383017
vt 0.511253 0.019307
vt 0.025148 0.431328
vt 0.025148 0.442930
vt 0.340943 0.014732
vt 0.387773 0.019014
vt 0.387775 0.014732
vt 0.746605 0.383017
vt 0.746605 0.019307
vt 0.108949 0.439736
vt 0.097226 0.432076
vt 0.097226 0.443291
vt 0.163047 0.031391
vt 0.095600 0.383337
vt 0.163047 0.383337
vt 0.332878 0.085518
vt 0.293364 0.293278
vt 0.332878 0.293278
vt 0.130730 0.505397
vt 0.108949 0.502104
vt 0.058652 0.577458
vt 0.036871 0.580750
vt 0.130730 0.436019
vt 0.108949 0.428153
vt 0.337089 0.305273
vt 0.334339 0.365371
vt 0.336268 0.365371
vt 0.335160 0.305273
vt 0.337090 0.073524
vt 0.335160 0.073524
vt 0.336268 0.013425
vt 0.334339 0.013425
vt 0.058652 0.579388
vt 0.130730 0.503467
vt 0.631500 0.449683
vt 0.651544 0.392221
vt 0.628895 0.449683
vt 0.097226 0.651526
vt 0.108949 0.642725
vt 0.097226 0.639925
vt 0.130730 0.648372
vt 0.108949 0.654701
vt 0.613619 0.013425
vt 0.613619 0.365371
vt 0.590445 0.407794
vt 0.602043 0.392221
vt 0.583824 0.396781
vt 0.025148 0.581045
vt 0.036871 0.582681
vt 0.097226 0.501810
vt 0.108949 0.500174
vt 0.801250 0.934150
vt 0.812666 0.921967
vt 0.801250 0.916183
vt 0.590445 0.771503
vt 0.602043 0.787075
vt 0.602045 0.771503
vt 0.811354 0.386179
vt 0.822903 0.395969
vt 0.822903 0.380396
vt 0.232424 0.031391
vt 0.221575 0.013425
vt 0.221577 0.031391
vt 0.085503 0.505376
vt 0.085503 0.572824
vt 0.013425 0.577478
vt 0.013425 0.510031
vt 0.208803 0.945507
vt 0.197025 0.960857
vt 0.208803 0.963413
vt 0.493349 0.801482
vt 0.482042 0.421675
vt 0.482042 0.795555
vt 0.952743 0.166837
vt 0.964522 0.182187
vt 0.964522 0.164282
vt 0.020072 0.031391
vt 0.013425 0.394304
vt 0.583824 0.782516
vt 0.031298 0.015819
vt 0.013425 0.020424
vt 0.031298 0.398910
vt 0.963449 0.785739
vt 0.951900 0.795529
vt 0.963449 0.801311
vt 0.232424 0.383337
vt 0.221575 0.401303
vt 0.240051 0.396035
vt 0.392860 0.013425
vt 0.381166 0.073524
vt 0.403706 0.013425
vt 0.025148 0.650779
vt 0.036871 0.643118
vt 0.025148 0.639563
vt 0.058652 0.646836
vt 0.036871 0.654701
vt 0.221577 0.383337
vt 0.631478 0.864192
vt 0.628895 0.931676
vt 0.631478 0.935092
vt 0.590239 0.935388
vt 0.602045 0.950566
vt 0.602045 0.932118
vt 0.784504 0.019255
vt 0.773455 0.402427
vt 0.784504 0.396597
vt 0.963711 0.734658
vt 0.951906 0.749836
vt 0.963711 0.753106
vt 0.240051 0.018693
vt 0.545757 0.773897
vt 0.556973 0.791863
vt 0.556971 0.773897
vt 0.545757 0.410188
vt 0.538103 0.786543
vt 0.839516 0.921966
vt 0.850932 0.934149
vt 0.850932 0.916182
vt 0.556973 0.392221
vt 0.538103 0.397542
vt 0.272111 0.014732
vt 0.329700 0.014732
vt 0.288846 0.076133
vt 0.269875 0.017341
vt 0.264664 0.016034
vt 0.291456 0.083960
vt 0.330858 0.082653
vt 0.295614 0.082653
vt 0.336948 0.014916
vt 0.333094 0.073707
vt 0.337769 0.075014
vt 0.477063 0.377134
vt 0.476043 0.034338
vt 0.476043 0.367985
vt 0.430557 0.085287
vt 0.430557 0.317036
vt 0.431577 0.091800
vt 0.431577 0.310524
vt 0.640470 0.365371
vt 0.641462 0.022574
vt 0.640470 0.013425
vt 0.685722 0.305273
vt 0.641462 0.356222
vt 0.685722 0.073524
vt 0.684729 0.298760
vt 0.684729 0.080036
vt 0.272111 0.364064
vt 0.266901 0.365371
vt 0.336687 0.363728
vt 0.332833 0.304936
vt 0.332048 0.362420
vt 0.288970 0.297994
vt 0.328372 0.299301
vt 0.333046 0.297994
vt 0.289439 0.300576
vt 0.270468 0.359368
vt 0.293597 0.301884
vt 0.334480 0.077624
vt 0.338334 0.018832
vt 0.333659 0.017525
vt 0.371095 0.086569
vt 0.338747 0.085262
vt 0.334108 0.086569
vt 0.377059 0.075014
vt 0.390757 0.016223
vt 0.372791 0.073707
vt 0.377036 0.300243
vt 0.390734 0.359034
vt 0.395818 0.360342
vt 0.374965 0.295806
vt 0.342616 0.297113
vt 0.370697 0.297113
vt 0.334198 0.363596
vt 0.339657 0.304805
vt 0.335019 0.303498
vt 0.329698 0.019014
vt 0.295239 0.076498
vt 0.330483 0.076498
vt 0.311367 0.392221
vt 0.266901 0.668407
vt 0.311367 0.725869
vt 0.381484 0.392221
vt 0.338217 0.668407
vt 0.381484 0.725869
vt 0.329698 0.359782
vt 0.295239 0.302299
vt 0.272110 0.359782
vt 0.340941 0.019014
vt 0.369808 0.076498
vt 0.369808 0.302299
vt 0.341727 0.302299
vt 0.946267 0.526626
vt 0.950549 0.491376
vt 0.946267 0.491377
vt 0.631500 0.668407
vt 0.651544 0.725869
vt 0.654149 0.725869
vt 0.932599 0.847225
vt 0.935237 0.915591
vt 0.935237 0.843851
vt 0.433162 0.473210
vt 0.430557 0.691934
vt 0.920807 0.583502
vt 0.918163 0.651972
vt 0.920807 0.655341
vt 0.925050 0.802773
vt 0.922409 0.734362
vt 0.922409 0.806144
vt 0.628895 0.668407
vt 0.921587 0.291953
vt 0.918946 0.360363
vt 0.921587 0.363735
vt 0.950549 0.429277
vt 0.946267 0.464525
vt 0.950549 0.464526
vt 0.923244 0.236022
vt 0.925882 0.167655
vt 0.923244 0.164281
vt 0.080646 0.974096
vt 0.084928 0.946010
vt 0.080646 0.946011
vt 0.053796 0.946011
vt 0.049514 0.974096
vt 0.053796 0.974096
vt 0.683605 0.392221
vt 0.680999 0.725869
vt 0.683605 0.725869
vt 0.919417 0.501116
vt 0.916773 0.432646
vt 0.916773 0.504485
vt 0.224605 0.761801
vt 0.227209 0.428154
vt 0.224605 0.428154
vt 0.452586 0.415748
vt 0.430557 0.473210
vt 0.329700 0.364064
vt 0.823906 0.704139
vt 0.801250 0.580133
vt 0.801250 0.704139
vt 0.823971 0.429276
vt 0.801250 0.553283
vt 0.823971 0.553283
vt 0.670067 0.976810
vt 0.671772 0.954154
vt 0.670078 0.954154
vt 0.436012 0.977204
vt 0.434308 0.954548
vt 0.430557 0.977204
vt 0.888126 0.137431
vt 0.889825 0.013425
vt 0.888126 0.013425
vt 0.816811 0.013425
vt 0.811354 0.137431
vt 0.816811 0.137431
vt 0.164669 0.921498
vt 0.157580 0.950467
vt 0.164669 0.950467
vt 0.955526 0.344399
vt 0.948437 0.373368
vt 0.955526 0.373368
vt 0.394706 0.863225
vt 0.389726 0.892194
vt 0.394706 0.892194
vt 0.897565 0.920986
vt 0.890476 0.949955
vt 0.897565 0.949955
vt 0.357885 0.892194
vt 0.362876 0.863225
vt 0.357885 0.863225
vt 0.890476 0.983897
vt 0.895454 0.976805
vt 0.890476 0.976807
vt 0.955526 0.288581
vt 0.948437 0.317549
vt 0.955526 0.317549
vt 0.018405 0.946011
vt 0.013425 0.974980
vt 0.018405 0.974980
vt 0.954746 0.635952
vt 0.947657 0.664920
vt 0.954746 0.664920
vt 0.331035 0.892194
vt 0.323946 0.921162
vt 0.331035 0.921162
vt 0.331035 0.863225
vt 0.323946 0.892194
vt 0.954746 0.580133
vt 0.947657 0.609102
vt 0.954746 0.609102
vt 0.986575 0.580135
vt 0.981596 0.587223
vt 0.986575 0.587225
vt 0.357885 0.921162
vt 0.362876 0.892194
vt 0.389726 0.921162
vt 0.394706 0.921162
vt 0.157580 0.984409
vt 0.162559 0.977317
vt 0.157580 0.977319
vt 0.986575 0.648020
vt 0.981596 0.655108
vt 0.986575 0.655110
vt 0.962087 0.843851
vt 0.967078 0.872819
vt 0.967078 0.843851
vt 0.935237 0.945815
vt 0.930257 0.974784
vt 0.935237 0.974784
vt 0.980469 0.255295
vt 0.985448 0.248203
vt 0.980469 0.248205
vt 0.986575 0.614078
vt 0.981596 0.621166
vt 0.986575 0.621168
vt 0.962087 0.899669
vt 0.967078 0.928638
vt 0.967078 0.899669
vt 0.165810 0.755709
vt 0.157580 0.428153
vt 0.157580 0.755709
vt 0.720877 0.415748
vt 0.712572 0.743304
vt 0.720877 0.743304
vt 0.197755 0.428153
vt 0.192660 0.755709
vt 0.197755 0.755709
vt 0.773455 0.756833
vt 0.774400 0.429276
vt 0.773455 0.429276
vt 0.127507 0.977895
vt 0.126562 0.969665
vt 0.122414 0.977895
vt 0.487135 0.973394
vt 0.486189 0.981625
vt 0.487131 0.981625
vt 0.164327 0.782559
vt 0.157580 0.891136
vt 0.164327 0.894648
vt 0.856115 0.292092
vt 0.863022 0.400669
vt 0.863022 0.288581
vt 0.983470 0.288581
vt 0.982376 0.295512
vt 0.983470 0.295494
vt 0.773357 0.888747
vt 0.774400 0.783683
vt 0.773357 0.783683
vt 0.889923 0.429276
vt 0.888885 0.541365
vt 0.889923 0.541365
vt 0.862187 0.966783
vt 0.863281 0.973714
vt 0.863281 0.966801
vt 0.895559 0.730990
vt 0.890476 0.814306
vt 0.895559 0.817001
vt 0.127620 0.875374
vt 0.122414 0.792058
vt 0.122414 0.878069
vt 0.916675 0.099436
vt 0.917439 0.013425
vt 0.916675 0.013425
vt 0.297096 0.863225
vt 0.296334 0.943847
vt 0.297096 0.943847
vt 0.570585 0.899320
vt 0.571381 0.904510
vt 0.571381 0.899314
vt 0.296300 0.975893
vt 0.297096 0.970703
vt 0.296300 0.970697
vt 0.829264 0.173596
vt 0.827105 0.245489
vt 0.829264 0.245489
vt 0.432751 0.857452
vt 0.430557 0.785560
vt 0.430557 0.857452
vt 0.448171 0.776245
vt 0.441714 0.779677
vt 0.367214 0.752719
vt 0.374191 0.836375
vt 0.380722 0.833926
vt 0.350604 0.833758
vt 0.367214 0.833758
vt 0.350604 0.752719
vt 0.337236 0.833926
vt 0.343699 0.836375
vt 0.817950 0.167714
vt 0.811354 0.245489
vt 0.827105 0.172479
vt 0.041069 0.827227
vt 0.031330 0.797184
vt 0.013425 0.792759
vt 0.803409 0.730990
vt 0.801250 0.802882
vt 0.803409 0.804000
vt 0.714767 0.851361
vt 0.712572 0.779469
vt 0.712572 0.851361
vt 0.730187 0.851361
vt 0.723730 0.773586
vt 0.714767 0.778351
vt 0.310386 0.833926
vt 0.296878 0.752719
vt 0.296878 0.833758
vt 0.280268 0.833758
vt 0.280268 0.752719
vt 0.266901 0.833926
vt 0.273363 0.836375
vt 0.819160 0.730990
vt 0.812564 0.808764
vt 0.225061 0.788651
vt 0.209304 0.837276
vt 0.227209 0.841702
vt 0.631054 0.833926
vt 0.628895 0.762033
vt 0.628895 0.833926
vt 0.863625 0.740304
vt 0.861431 0.812197
vt 0.863625 0.812197
vt 0.846011 0.812197
vt 0.861431 0.739186
vt 0.852468 0.734422
vt 0.113738 0.765207
vt 0.127246 0.684000
vt 0.120715 0.681551
vt 0.097128 0.765207
vt 0.113738 0.684168
vt 0.097128 0.684168
vt 0.083761 0.765207
vt 0.090223 0.681551
vt 0.646806 0.752719
vt 0.640210 0.756151
vt 0.538103 0.853882
vt 0.563599 0.872464
vt 0.565747 0.819413
vt 0.811354 0.281653
vt 0.813513 0.353546
vt 0.813513 0.280536
vt 0.861276 0.022739
vt 0.859081 0.094632
vt 0.861276 0.094632
vt 0.843661 0.013425
vt 0.851715 0.017706
vt 0.043403 0.765207
vt 0.056911 0.684000
vt 0.050380 0.681551
vt 0.026793 0.765207
vt 0.043403 0.684168
vt 0.026793 0.684168
vt 0.013425 0.765207
vt 0.019887 0.681551
vt 0.829264 0.272339
vt 0.822668 0.275771
vt 0.077658 0.797184
vt 0.093416 0.845809
vt 0.095564 0.793139
vt 0.130730 0.572845
vt 0.113794 0.595970
vt 0.113794 0.612580
vt 0.216949 0.103284
vt 0.216949 0.311444
vt 0.031990 0.456842
vt 0.036871 0.463352
vt 0.031990 0.500328
vt 0.104067 0.626012
vt 0.097226 0.628181
vt 0.097226 0.580396
vt 0.104067 0.582527
vt 0.041717 0.596945
vt 0.041717 0.613555
vt 0.036871 0.620515
vt 0.031990 0.626998
vt 0.025148 0.581345
vt 0.031990 0.583513
vt 0.087729 0.504519
vt 0.015652 0.578335
vt 0.164597 0.311444
vt 0.164597 0.103284
vt 0.041717 0.486885
vt 0.058652 0.445709
vt 0.041717 0.470274
vt 0.037927 0.311444
vt 0.090279 0.103284
vt 0.037927 0.103284
vt 0.015652 0.632086
vt 0.013425 0.631381
vt 0.023457 0.580809
vt 0.085503 0.637125
vt 0.087729 0.631190
vt 0.085503 0.578145
vt 0.087729 0.577439
vt 0.013425 0.452358
vt 0.015652 0.451664
vt 0.015652 0.505415
vt 0.013425 0.504710
vt 0.095534 0.502046
vt 0.097226 0.501510
vt 0.085503 0.451474
vt 0.087729 0.450768
vt 0.113794 0.469299
vt 0.113794 0.485909
vt 0.104067 0.499342
vt 0.097226 0.453726
vt 0.104067 0.455856
vt 0.899558 0.878394
vt 0.890476 0.845426
vt 0.890476 0.878034
vt 0.807588 0.873590
vt 0.816886 0.840622
vt 0.807588 0.839685
vt 0.743132 0.925346
vt 0.745006 0.892738
vt 0.743132 0.892738
vt 0.675523 0.892515
vt 0.673656 0.877018
vt 0.673656 0.892515
vt 0.400813 0.957564
vt 0.402782 0.964083
vt 0.402782 0.957573
vt 0.916773 0.547406
vt 0.918742 0.537845
vt 0.916773 0.537854
vt 0.918742 0.531335
vt 0.916773 0.531344
vt 0.400813 0.948013
vt 0.402782 0.948022
vt 0.801250 0.873834
vt 0.801250 0.839046
vt 0.905749 0.878638
vt 0.899558 0.844490
vt 0.899558 0.893498
vt 0.905749 0.894136
vt 0.807588 0.888694
vt 0.801250 0.889332
vt 0.673656 0.927303
vt 0.675523 0.927303
vt 0.745006 0.878211
vt 0.743132 0.878211
vt 0.816886 0.887757
vt 0.890476 0.892561
vt 0.852201 0.873590
vt 0.861284 0.840622
vt 0.852201 0.839685
vt 0.488380 0.844075
vt 0.497678 0.877043
vt 0.497678 0.844435
vt 0.946163 0.046033
vt 0.944289 0.013425
vt 0.944289 0.046033
vt 0.235653 0.904039
vt 0.237521 0.919538
vt 0.237521 0.904039
vt 0.918163 0.688711
vt 0.920132 0.682192
vt 0.918163 0.682201
vt 0.745100 0.961757
vt 0.743132 0.952196
vt 0.743132 0.961747
vt 0.745100 0.968267
vt 0.743132 0.968257
vt 0.918163 0.698262
vt 0.920132 0.688702
vt 0.482042 0.843830
vt 0.488380 0.877980
vt 0.846011 0.873834
vt 0.846011 0.839046
vt 0.852201 0.888694
vt 0.846011 0.889332
vt 0.488380 0.828971
vt 0.482042 0.828333
vt 0.235653 0.869252
vt 0.237521 0.869252
vt 0.946163 0.060560
vt 0.944289 0.060560
vt 0.497678 0.829908
vt 0.861284 0.887757
vt 0.850821 0.447881
vt 0.862035 0.523673
vt 0.862035 0.449768
vt 0.862239 0.598737
vt 0.850756 0.674529
vt 0.862239 0.677582
vt 0.918947 0.402248
vt 0.921262 0.390596
vt 0.918947 0.390585
vt 0.889089 0.677582
vt 0.891313 0.658978
vt 0.889089 0.658978
vt 0.602045 0.887830
vt 0.599828 0.813926
vt 0.599828 0.887830
vt 0.977399 0.485124
vt 0.979715 0.473451
vt 0.977399 0.473461
vt 0.599828 0.905268
vt 0.602045 0.905268
vt 0.891313 0.580133
vt 0.889089 0.580133
vt 0.850756 0.583186
vt 0.862239 0.580133
vt 0.862035 0.432330
vt 0.850821 0.429276
vt 0.856115 0.243127
vt 0.867328 0.167335
vt 0.856115 0.164282
vt 0.673656 0.771323
vt 0.685139 0.847115
vt 0.685139 0.773210
vt 0.979715 0.523636
vt 0.977399 0.511984
vt 0.977399 0.523646
vt 0.892096 0.307185
vt 0.889872 0.288580
vt 0.889872 0.307185
vt 0.894177 0.181720
vt 0.896394 0.255624
vt 0.896394 0.181720
vt 0.269217 0.964402
vt 0.266901 0.976054
vt 0.269217 0.976064
vt 0.894177 0.164281
vt 0.896394 0.164281
vt 0.892096 0.386029
vt 0.889872 0.386029
vt 0.685139 0.755772
vt 0.673656 0.752718
vt 0.867328 0.258677
vt 0.856115 0.261730
vt 0.951552 0.691771
vt 0.947657 0.703213
vt 0.951552 0.703735
vt 0.835337 0.978200
vt 0.831718 0.966783
vt 0.831718 0.978747
vt 0.323946 0.948017
vt 0.335910 0.963545
vt 0.335910 0.948012
vt 0.977399 0.446601
vt 0.981255 0.429276
vt 0.977399 0.431051
vt 0.362760 0.948012
vt 0.373963 0.963555
vt 0.373963 0.948022
vt 0.235653 0.946388
vt 0.239534 0.963712
vt 0.239534 0.948162
vt 0.088098 0.905490
vt 0.089869 0.914532
vt 0.088302 0.905244
vt 0.947762 0.128487
vt 0.944289 0.101784
vt 0.944289 0.128485
vt 0.020010 0.908075
vt 0.015992 0.886321
vt 0.013425 0.912908
vt 0.716282 0.913687
vt 0.712572 0.886987
vt 0.712572 0.913688
vt 0.715459 0.921606
vt 0.947338 0.091618
vt 0.944729 0.091616
vt 0.947474 0.087412
vt 0.944688 0.087410
vt 0.022576 0.881489
vt 0.017718 0.876288
vt 0.715820 0.878211
vt 0.713033 0.878212
vt 0.094677 0.910327
vt 0.094442 0.917894
vt 0.094733 0.919160
vt 0.981195 0.211941
vt 0.983254 0.215582
vt 0.983330 0.211941
vt 0.018875 0.919161
vt 0.022664 0.916380
vt 0.983943 0.221352
vt 0.981255 0.215582
vt 0.980469 0.221352
vt 0.092127 0.883739
vt 0.090948 0.872659
vt 0.085549 0.878902
vt 0.974902 0.087537
vt 0.975159 0.112116
vt 0.975448 0.087409
vt 0.953073 0.249952
vt 0.953519 0.244900
vt 0.952973 0.244772
vt 0.085943 0.880640
vt 0.092030 0.885116
vt 0.094390 0.909720
vt 0.089792 0.915527
vt 0.538103 0.932173
vt 0.543736 0.912493
vt 0.538103 0.907456
vt 0.543062 0.903097
vt 0.538831 0.899314
vt 0.974902 0.121657
vt 0.974613 0.112244
vt 0.953278 0.220193
vt 0.952733 0.220065
vt 0.953073 0.211941
vt 0.953619 0.212070
vt 0.917218 0.130685
vt 0.916675 0.126299
vt 0.916675 0.130698
vt 0.541998 0.975502
vt 0.538103 0.964060
vt 0.538103 0.976024
vt 0.804868 0.966783
vt 0.801250 0.978200
vt 0.804868 0.978747
vt 0.855625 0.121486
vt 0.843661 0.137015
vt 0.855625 0.137019
vt 0.632751 0.979267
vt 0.628895 0.961943
vt 0.628895 0.977493
vt 0.716282 0.948457
vt 0.705079 0.964000
vt 0.716282 0.963990
vt 0.962087 0.972812
vt 0.965968 0.955488
vt 0.962087 0.957262
vt 0.052267 0.886576
vt 0.431309 0.884303
vt 0.208803 0.915754
vt 0.431018 0.927698
vt 0.058355 0.882099
vt 0.208803 0.872033
vt 0.058698 0.916376
vt 0.973849 0.047672
vt 0.774244 0.915597
vt 0.127318 0.904919
vt 0.973849 0.013552
vt 0.774244 0.953609
vt 0.982376 0.322362
vt 0.538103 0.013425
vt 0.712572 0.377134
vt 0.387773 0.359782
vt 0.403706 0.365371
vt 0.269484 0.863225
vt 0.339119 0.086238
vt 0.095600 0.031391
vt 0.293364 0.085518
vt 0.058652 0.510010
vt 0.130730 0.446867
vt 0.654149 0.392221
vt 0.130730 0.637146
vt 0.602045 0.407794
vt 0.812666 0.939933
vt 0.811354 0.401752
vt 0.197014 0.942604
vt 0.493349 0.415748
vt 0.952733 0.185091
vt 0.951900 0.779956
vt 0.374077 0.073524
vt 0.058652 0.635988
vt 0.628895 0.860776
vt 0.590233 0.954235
vt 0.773455 0.013425
vt 0.951900 0.730989
vt 0.839516 0.939932
vt 0.556971 0.410188
vt 0.266901 0.013425
vt 0.293005 0.074825
vt 0.335532 0.083960
vt 0.332309 0.016223
vt 0.337508 0.303629
vt 0.293128 0.299301
vt 0.265257 0.360675
vt 0.339119 0.076316
vt 0.366828 0.085262
vt 0.395842 0.014916
vt 0.372768 0.301551
vt 0.337977 0.295806
vt 0.338872 0.362289
vt 0.272110 0.019014
vt 0.266901 0.449683
vt 0.338217 0.449683
vt 0.330483 0.302299
vt 0.341727 0.076498
vt 0.950549 0.526625
vt 0.932599 0.918965
vt 0.918163 0.580133
vt 0.925050 0.730989
vt 0.918946 0.288581
vt 0.946267 0.429277
vt 0.925882 0.239396
vt 0.084928 0.974096
vt 0.049514 0.946010
vt 0.680999 0.392221
vt 0.919417 0.429276
vt 0.227209 0.761801
vt 0.455192 0.415748
vt 0.823906 0.580133
vt 0.801250 0.429276
vt 0.675523 0.976810
vt 0.436002 0.954548
vt 0.889825 0.137431
vt 0.811354 0.013425
vt 0.157580 0.921498
vt 0.948437 0.344399
vt 0.389726 0.863225
vt 0.890476 0.920986
vt 0.895454 0.983895
vt 0.948437 0.288581
vt 0.013425 0.946011
vt 0.947657 0.635952
vt 0.323946 0.863225
vt 0.947657 0.580133
vt 0.981596 0.580133
vt 0.362876 0.921162
vt 0.162559 0.984407
vt 0.981596 0.648018
vt 0.962087 0.872819
vt 0.930257 0.945815
vt 0.985448 0.255293
vt 0.981596 0.614076
vt 0.962087 0.928638
vt 0.165810 0.428153
vt 0.712572 0.415748
vt 0.192660 0.428153
vt 0.774400 0.756833
vt 0.127503 0.969665
vt 0.482041 0.973394
vt 0.157580 0.786071
vt 0.856115 0.397157
vt 0.982376 0.288599
vt 0.774400 0.888747
vt 0.888885 0.429276
vt 0.862187 0.973696
vt 0.890476 0.733684
vt 0.127620 0.794753
vt 0.917439 0.099436
vt 0.296334 0.863225
vt 0.570585 0.904516
vt 0.297096 0.975899
vt 0.432751 0.784442
vt 0.448171 0.857452
vt 0.380722 0.752719
vt 0.337236 0.752719
vt 0.811354 0.164282
vt 0.013425 0.845111
vt 0.015573 0.845809
vt 0.031330 0.840670
vt 0.041069 0.810617
vt 0.015573 0.792058
vt 0.801250 0.730990
vt 0.730187 0.770154
vt 0.722134 0.774435
vt 0.303856 0.836375
vt 0.310386 0.752719
vt 0.266901 0.752719
vt 0.819160 0.812197
vt 0.227209 0.841321
vt 0.227209 0.789349
vt 0.209304 0.793791
vt 0.199565 0.807233
vt 0.199565 0.823843
vt 0.225061 0.842402
vt 0.631054 0.760916
vt 0.846011 0.730989
vt 0.127246 0.765207
vt 0.083761 0.684000
vt 0.646806 0.833926
vt 0.563599 0.818713
vt 0.547842 0.823839
vt 0.538103 0.837272
vt 0.547842 0.867324
vt 0.565747 0.871766
vt 0.811354 0.353546
vt 0.859081 0.021622
vt 0.850118 0.016857
vt 0.843661 0.094632
vt 0.056911 0.765207
vt 0.013425 0.684000
vt 0.829264 0.353546
vt 0.095564 0.792759
vt 0.093416 0.792058
vt 0.067919 0.810617
vt 0.067919 0.827227
vt 0.077658 0.840669
vt 0.095564 0.845111
vt 0.108949 0.619503
vt 0.108949 0.589010
vt 0.216949 0.383337
vt 0.216949 0.031391
vt 0.164977 0.103284
vt 0.164977 0.311444
vt 0.025148 0.454674
vt 0.025148 0.502458
vt 0.036871 0.493845
vt 0.036871 0.590023
vt 0.025148 0.629129
vt 0.085503 0.503826
vt 0.013425 0.579029
vt 0.164597 0.031391
vt 0.164597 0.383337
vt 0.037927 0.031391
vt 0.037927 0.383337
vt 0.090279 0.311444
vt 0.090279 0.383337
vt 0.090279 0.031391
vt 0.013425 0.636008
vt 0.085503 0.630497
vt 0.013425 0.445730
vt 0.085503 0.446846
vt 0.108949 0.492832
vt 0.108949 0.462339
vt 0.816886 0.873230
vt 0.745006 0.925346
vt 0.675523 0.877018
vt 0.400813 0.964074
vt 0.918742 0.547396
vt 0.905749 0.843851
vt 0.861284 0.873230
vt 0.946163 0.013425
vt 0.235653 0.919538
vt 0.745100 0.952206
vt 0.920132 0.698253
vt 0.482042 0.878618
vt 0.850821 0.526725
vt 0.850756 0.600625
vt 0.921262 0.402258
vt 0.891313 0.677582
vt 0.602045 0.813926
vt 0.979715 0.485114
vt 0.867328 0.241239
vt 0.673656 0.850167
vt 0.979715 0.511974
vt 0.892096 0.288580
vt 0.894177 0.255624
vt 0.266901 0.964391
vt 0.947657 0.692008
vt 0.835337 0.966996
vt 0.323946 0.963550
vt 0.981255 0.444827
vt 0.362760 0.963545
vt 0.235654 0.961938
vt 0.947762 0.101786
vt 0.716282 0.886986
vt 0.713325 0.921607
vt 0.022664 0.872659
vt 0.094733 0.875443
vt 0.953619 0.250081
vt 0.543736 0.937209
vt 0.975448 0.121530
vt 0.917218 0.126286
vt 0.541998 0.964298
vt 0.801250 0.966996
vt 0.843661 0.121482
vt 0.632751 0.963717
vt 0.705079 0.948466
vt 0.965968 0.971039
s 1
usemtl Material.015
f 6/1/1 21/2/2 10/3/2
f 6/4/3 1/5/3 3/6/3
f 8/7/4 2/8/4 1/9/4
f 7/10/5 4/11/5 2/12/5
f 16/13/6 2/12/6 4/11/6
f 6/4/7 9/14/7 8/15/7
f 12/16/8 10/17/8 11/18/8
f 9/19/9 7/20/9 8/7/9
f 7/10/10 11/21/10 5/22/10
f 22/23/11 5/24/11 11/25/11
f 15/26/12 14/27/12 16/28/12
f 2/8/13 13/29/13 1/9/13
f 13/30/14 3/31/14 1/32/14
f 15/33/15 4/34/15 3/35/15
f 18/36/16 23/37/16 17/38/16
f 25/39/17 18/40/17 19/41/17
f 18/42/18 6/1/18 3/35/18
f 4/34/19 18/42/19 3/35/19
f 5/24/20 19/43/20 4/34/20
f 10/3/21 22/23/22 11/25/22
f 25/44/23 23/45/23 24/46/23
f 26/47/24 27/48/24 23/45/24
f 23/37/25 21/49/25 17/38/25
f 26/50/26 19/41/26 20/51/26
f 22/52/27 26/50/27 20/51/27
f 21/53/28 28/54/28 22/55/28
f 80/56/29 55/57/29 81/58/29
f 55/59/30 70/60/30 71/61/30
f 154/62/31 178/63/31 153/64/31
f 79/65/32 60/66/32 82/67/32
f 77/68/33 55/69/33 71/70/33
f 57/71/34 69/72/34 72/73/34
f 121/74/35 67/75/35 122/76/35
f 105/77/36 73/78/36 98/79/36
f 148/80/37 169/81/37 171/82/37
f 139/83/38 161/84/38 138/85/38
f 116/86/29 91/87/29 122/88/29
f 74/89/39 104/90/39 99/91/39
f 72/73/40 76/92/40 97/93/40
f 77/68/36 75/94/36 102/95/36
f 150/96/41 173/97/41 149/98/41
f 71/61/42 100/99/42 75/100/42
f 117/101/39 97/102/39 124/103/39
f 85/104/32 61/105/32 86/106/32
f 90/107/29 68/108/29 92/109/29
f 74/89/43 84/110/43 95/111/43
f 87/112/33 73/78/33 94/113/33
f 117/101/43 57/114/43 72/115/43
f 91/116/35 87/117/35 88/118/35
f 92/119/29 89/120/29 90/121/29
f 90/121/44 83/122/44 84/123/44
f 94/113/33 88/124/33 87/112/33
f 83/125/43 95/111/43 84/110/43
f 144/126/45 165/127/45 167/128/45
f 100/129/39 78/130/39 101/131/39
f 59/132/43 78/130/43 70/133/43
f 63/134/29 81/58/29 62/135/29
f 100/136/46 112/137/47 113/138/48
f 94/113/36 106/139/36 93/140/36
f 103/141/39 95/111/39 96/142/39
f 123/143/49 131/144/49 132/145/49
f 75/146/50 114/147/51 102/148/52
f 102/149/53 111/150/53 79/151/53
f 54/152/54 131/153/55 119/154/56
f 99/91/39 86/155/39 61/156/39
f 85/157/36 98/79/36 64/158/36
f 108/159/57 112/160/58 107/161/59
f 109/162/60 108/163/60 110/164/60
f 114/165/61 110/166/62 111/167/63
f 56/168/64 108/169/64 60/66/64
f 100/136/65 109/170/65 75/146/65
f 56/168/66 111/171/67 110/172/68
f 60/66/69 107/173/70 82/67/71
f 101/174/72 107/175/72 112/176/72
f 58/177/73 129/178/74 126/179/75
f 115/180/44 66/181/44 57/182/44
f 76/183/36 120/184/36 123/185/36
f 53/186/33 120/184/33 69/187/33
f 66/181/29 122/76/29 67/75/29
f 54/152/32 118/188/32 58/177/32
f 135/189/76 157/190/76 134/191/76
f 130/192/77 126/193/78 129/194/79
f 126/195/80 127/196/80 125/197/80
f 125/198/81 132/199/82 131/200/83
f 54/152/84 126/179/84 125/201/84
f 97/202/85 130/203/86 124/204/87
f 76/205/88 128/206/88 97/202/88
f 124/207/89 129/208/89 118/209/89
f 76/205/90 132/210/91 127/211/92
f 84/123/44 134/212/44 133/213/44
f 65/214/44 134/215/44 63/216/44
f 65/217/44 136/218/44 135/219/44
f 84/220/44 136/221/44 90/222/44
f 53/223/93 138/224/93 137/225/93
f 66/226/93 138/224/93 57/71/93
f 67/227/93 139/228/93 66/226/93
f 67/227/93 137/225/93 140/229/93
f 62/230/94 141/231/94 63/232/94
f 68/233/94 142/234/94 62/230/94
f 65/235/94 143/236/94 68/233/94
f 65/235/94 141/231/94 144/237/94
f 87/117/35 145/238/35 62/239/35
f 87/240/35 147/241/35 146/242/35
f 68/243/35 147/244/35 92/245/35
f 68/246/35 145/247/35 148/248/35
f 83/122/44 149/98/44 115/180/44
f 89/249/44 150/250/44 83/251/44
f 116/252/44 151/253/44 89/254/44
f 116/255/44 149/256/44 152/257/44
f 88/118/35 154/62/35 153/64/35
f 122/258/35 154/259/35 121/260/35
f 122/261/35 156/262/35 155/263/35
f 88/264/35 156/265/35 91/266/35
f 158/267/44 160/268/44 159/269/44
f 161/270/93 163/271/93 162/272/93
f 166/273/94 167/274/94 165/275/94
f 170/276/35 171/277/35 169/278/35
f 174/279/44 175/280/44 173/97/44
f 178/63/35 180/281/35 179/282/35
f 136/283/95 160/284/95 135/285/95
f 143/286/96 166/287/96 142/288/96
f 152/289/97 173/290/97 175/291/97
f 140/292/98 164/293/98 139/83/98
f 147/294/99 170/295/99 146/296/99
f 156/297/100 178/298/100 179/299/100
f 144/126/101 168/300/101 143/286/101
f 151/301/100 174/302/100 150/303/100
f 148/304/102 172/305/102 147/306/102
f 155/307/103 177/308/103 154/309/103
f 152/310/95 176/311/95 151/312/95
f 156/313/102 180/314/102 155/315/102
f 134/212/41 158/267/41 133/213/41
f 138/316/104 162/317/104 137/318/104
f 136/319/99 158/320/99 159/321/99
f 142/322/105 165/323/105 141/324/105
f 140/292/106 162/325/106 163/326/106
f 146/327/31 169/278/31 145/238/31
f 184/328/32 182/329/32 181/330/32
f 186/331/107 188/332/107 187/333/107
f 181/334/108 188/335/108 184/336/108
f 182/337/109 185/338/109 186/339/109
f 184/340/99 185/341/99 183/342/99
f 182/343/100 187/344/100 181/345/100
f 189/346/29 200/347/29 193/348/29
f 199/349/29 192/350/29 190/351/29
f 195/352/100 210/353/100 196/354/100
f 197/355/29 205/356/29 198/357/29
f 203/358/99 216/359/99 202/360/99
f 197/361/108 218/362/108 204/363/108
f 194/364/29 202/365/29 195/366/29
f 193/367/100 208/368/100 194/369/100
f 212/370/29 220/371/29 213/372/29
f 210/373/29 218/374/29 211/375/29
f 209/376/29 217/377/29 210/373/29
f 207/378/29 215/379/29 208/380/29
f 202/381/109 209/382/109 195/383/109
f 204/384/99 217/385/99 203/358/99
f 196/354/100 211/386/100 197/387/100
f 194/388/108 215/389/108 201/390/108
f 200/391/109 207/392/109 193/393/109
f 205/394/99 220/395/99 219/396/99
f 198/397/100 213/398/100 199/399/100
f 199/400/108 220/401/108 206/402/108
f 205/403/109 212/404/109 198/405/109
f 200/406/99 215/407/99 214/408/99
f 224/409/32 221/410/32 222/411/32
f 225/412/110 228/413/110 226/414/110
f 221/415/100 226/416/100 222/417/100
f 224/418/99 227/419/99 223/420/99
f 221/421/109 227/422/109 225/423/109
f 222/424/108 228/425/108 224/426/108
f 231/427/111 230/428/111 232/429/111
f 233/430/34 235/431/34 236/432/34
f 230/433/112 236/434/112 232/435/112
f 229/436/113 233/437/113 230/438/113
f 232/439/114 235/440/114 231/441/114
f 229/442/115 235/443/115 234/444/115
f 239/445/116 237/446/116 240/447/116
f 243/448/30 241/449/30 244/450/30
f 240/451/117 241/452/117 239/453/117
f 238/454/118 243/455/118 237/456/118
f 240/457/119 243/458/119 244/459/119
f 239/460/120 242/461/120 238/462/120
f 248/463/121 29/464/121 249/465/121
f 30/466/122 256/467/122 250/468/122
f 30/466/123 267/469/123 266/470/123
f 32/471/124 271/472/124 267/473/124
f 32/471/32 275/474/32 272/475/32
f 33/476/125 283/477/125 281/478/125
f 284/479/126 34/480/126 247/481/126
f 33/482/108 31/483/108 250/484/108
f 35/485/121 294/486/121 295/487/121
f 36/488/122 265/489/122 278/490/122
f 37/491/123 259/492/123 264/493/127
f 260/494/124 38/495/124 298/496/124
f 38/495/32 299/497/32 298/496/32
f 39/498/125 252/499/125 254/500/125
f 40/501/126 295/487/126 261/502/126
f 35/503/108 37/504/108 278/505/108
f 41/506/121 290/507/121 291/508/121
f 289/509/122 42/510/122 296/511/122
f 43/512/123 303/513/123 300/514/123
f 44/515/124 297/516/124 285/517/124
f 45/518/32 288/519/32 286/520/32
f 46/521/125 286/520/125 287/522/125
f 41/506/126 301/523/126 302/524/126
f 45/525/109 41/526/109 296/527/109
f 292/528/121 47/529/121 280/530/121
f 245/531/122 48/532/122 276/533/122
f 258/534/128 48/532/123 253/535/129
f 50/536/124 258/537/124 262/538/124
f 51/539/32 263/540/32 268/541/32
f 52/542/125 268/541/125 270/543/125
f 47/529/126 273/544/126 274/545/126
f 49/546/109 47/547/109 279/548/109
f 63/549/43 286/550/43 288/551/43
f 119/154/32 293/552/32 282/553/32
f 102/95/36 267/554/36 271/555/36
f 283/556/36 98/79/36 73/78/36
f 78/130/39 297/557/39 300/558/39
f 74/89/39 302/559/39 301/560/39
f 88/124/33 298/561/33 299/562/33
f 123/185/36 254/563/36 252/564/36
f 93/140/36 259/565/36 260/566/36
f 246/567/130 86/155/39 103/141/39
f 106/139/36 85/157/36 264/568/36
f 86/106/32 276/569/32 278/570/32
f 275/571/33 81/572/33 272/573/33
f 296/574/32 249/575/32 250/576/32
f 123/185/36 295/577/36 294/578/36
f 106/139/36 269/579/36 259/565/36
f 82/580/39 300/558/39 303/581/39
f 99/91/39 290/582/39 304/583/39
f 102/95/36 256/584/36 255/585/36
f 98/79/36 247/586/36 248/587/36
f 253/588/39 103/141/39 257/589/39
f 124/103/39 292/590/39 280/591/39
f 83/125/43 268/592/43 263/593/43
f 96/142/39 258/594/39 257/589/39
f 117/101/39 274/595/39 273/596/39
f 322/597/111 305/598/111 317/599/111
f 321/600/34 310/601/34 315/602/34
f 305/603/113 319/604/113 317/605/113
f 318/606/114 312/607/114 320/608/114
f 313/609/131 311/610/131 315/611/131
f 306/612/132 316/613/132 314/614/132
f 314/614/132 312/615/132 308/616/132
f 305/617/131 315/611/131 310/618/131
f 320/619/34 315/602/34 311/620/34
f 318/621/111 313/622/111 322/597/111
f 318/621/111 314/623/111 308/624/111
f 316/625/34 320/619/34 312/626/34
f 318/606/114 311/627/114 307/628/114
f 317/605/113 309/629/113 306/630/113
f 309/631/34 321/600/34 316/625/34
f 322/597/111 306/632/111 314/623/111
f 340/633/111 323/634/111 331/635/111
f 339/636/34 328/637/34 337/638/34
f 337/639/113 323/640/113 335/641/113
f 338/642/114 326/643/114 336/644/114
f 331/645/132 329/646/132 325/647/132
f 334/648/131 324/649/131 332/650/131
f 330/651/131 332/650/131 326/652/131
f 323/653/132 333/654/132 331/645/132
f 338/655/34 333/656/34 339/636/34
f 336/657/111 331/635/111 325/658/111
f 332/659/111 336/657/111 326/660/111
f 338/655/34 334/661/34 330/662/34
f 329/663/114 336/644/114 325/664/114
f 327/665/113 335/641/113 324/666/113
f 339/636/34 327/667/34 334/661/34
f 324/668/111 340/633/111 332/659/111
f 350/669/116 342/670/116 349/671/116
f 352/672/30 346/673/30 345/674/30
f 343/675/133 346/676/133 342/677/133
f 344/678/117 352/679/117 350/680/117
f 349/681/118 346/682/118 351/683/118
f 341/684/134 348/685/134 344/686/134
f 349/681/118 347/687/118 341/688/118
f 350/680/117 345/689/117 343/690/117
f 347/691/30 352/672/30 348/692/30
f 350/669/116 341/693/116 344/694/116
f 362/695/116 354/696/116 355/697/116
f 364/698/30 358/699/30 363/700/30
f 358/701/134 355/702/134 354/703/134
f 364/704/117 356/705/117 362/706/117
f 363/707/118 354/708/118 361/709/118
f 356/710/133 359/711/133 353/712/133
f 359/713/118 361/709/118 353/714/118
f 357/715/117 362/706/117 355/716/117
f 364/698/30 359/717/30 360/718/30
f 353/719/116 362/695/116 356/720/116
f 366/721/39 367/722/39 368/723/39
f 371/724/33 370/725/33 372/726/33
f 368/727/135 370/728/135 366/729/135
f 365/730/136 370/731/136 369/732/136
f 365/733/137 371/734/137 367/735/137
f 367/736/138 372/737/138 368/738/138
f 378/739/139 393/740/140 389/741/139
f 373/742/141 378/743/141 375/744/141
f 374/745/142 380/746/142 373/747/142
f 376/748/143 379/749/143 374/750/143
f 374/750/144 388/751/144 376/748/144
f 378/743/145 381/752/145 382/753/145
f 382/753/146 384/754/146 383/755/146
f 379/756/147 381/757/147 380/746/147
f 379/749/148 383/758/148 384/759/148
f 377/760/149 394/761/149 383/762/149
f 386/763/150 387/764/150 388/765/150
f 374/745/151 385/766/151 386/767/151
f 375/768/152 385/769/152 373/770/152
f 376/771/153 387/772/153 375/773/153
f 390/774/154 395/775/154 396/776/154
f 390/777/155 397/778/155 391/779/155
f 378/739/156 390/780/156 375/773/156
f 376/771/157 390/780/157 391/781/157
f 377/760/158 391/781/158 392/782/158
f 382/783/159 394/761/160 393/740/159
f 397/784/161 395/785/161 398/786/161
f 398/786/162 399/787/162 400/788/162
f 393/789/163 395/775/163 389/790/163
f 391/779/164 398/791/164 392/792/164
f 394/793/165 398/791/165 400/794/165
f 393/795/166 400/796/166 399/797/166
f 403/798/36 402/799/36 404/800/36
f 406/801/43 407/802/43 408/803/43
f 406/804/167 404/805/167 402/806/167
f 401/807/168 406/808/168 402/809/168
f 407/810/169 401/811/169 403/812/169
f 408/813/170 403/814/170 404/815/170
f 6/1/1 17/816/1 21/2/2
f 6/4/3 8/15/3 1/5/3
f 8/7/4 7/20/4 2/8/4
f 7/10/5 5/22/5 4/11/5
f 16/13/6 14/817/6 2/12/6
f 6/4/7 10/17/7 9/14/7
f 12/16/8 9/14/8 10/17/8
f 9/19/9 12/818/9 7/20/9
f 7/10/10 12/819/10 11/21/10
f 22/23/11 20/820/11 5/24/11
f 15/26/12 13/30/12 14/27/12
f 2/8/13 14/821/13 13/29/13
f 13/30/14 15/26/14 3/31/14
f 15/33/15 16/822/15 4/34/15
f 18/36/16 24/823/16 23/37/16
f 25/39/17 24/824/17 18/40/17
f 18/42/18 17/816/18 6/1/18
f 4/34/19 19/43/19 18/42/19
f 5/24/20 20/820/20 19/43/20
f 10/3/21 21/2/21 22/23/22
f 25/44/23 26/47/23 23/45/23
f 26/47/24 28/825/24 27/48/24
f 23/37/25 27/826/25 21/49/25
f 26/50/26 25/39/26 19/41/26
f 22/52/27 28/827/27 26/50/27
f 21/53/28 27/828/28 28/54/28
f 80/56/29 59/829/29 55/57/29
f 55/59/30 59/830/30 70/60/30
f 154/62/31 177/831/31 178/63/31
f 79/65/32 56/168/32 60/66/32
f 77/68/33 81/572/33 55/69/33
f 57/71/34 53/223/34 69/72/34
f 121/74/35 53/832/35 67/75/35
f 105/77/36 94/113/36 73/78/36
f 148/80/37 145/833/37 169/81/37
f 139/83/38 164/293/38 161/84/38
f 116/86/29 89/834/29 91/87/29
f 74/89/39 95/111/39 104/90/39
f 72/73/40 69/72/40 76/92/40
f 77/68/36 71/70/36 75/94/36
f 150/96/41 174/279/41 173/97/41
f 71/61/42 70/60/42 100/99/42
f 117/101/39 72/115/39 97/102/39
f 85/104/32 64/835/32 61/105/32
f 90/107/29 65/836/29 68/108/29
f 74/89/43 63/549/43 84/110/43
f 87/112/33 62/837/33 73/78/33
f 117/101/43 115/838/43 57/114/43
f 91/116/35 92/119/35 87/117/35
f 92/119/29 91/116/29 89/120/29
f 90/121/44 89/120/44 83/122/44
f 94/113/33 93/140/33 88/124/33
f 83/125/43 96/142/43 95/111/43
f 144/126/45 141/839/45 165/127/45
f 100/129/39 70/133/39 78/130/39
f 59/132/43 80/840/43 78/130/43
f 63/134/29 80/56/29 81/58/29
f 100/136/46 101/841/87 112/137/47
f 94/113/36 105/77/36 106/139/36
f 103/141/39 104/90/39 95/111/39
f 123/143/49 119/842/49 131/144/49
f 75/146/50 109/170/171 114/147/51
f 102/149/53 114/843/53 111/150/53
f 54/152/54 125/201/172 131/153/55
f 99/91/39 104/90/39 86/155/39
f 85/157/36 105/77/36 98/79/36
f 108/159/57 113/844/173 112/160/58
f 109/162/60 113/845/60 108/163/60
f 114/165/61 109/846/174 110/166/62
f 56/168/64 110/172/64 108/169/64
f 100/136/65 113/138/65 109/170/65
f 56/168/66 79/65/56 111/171/67
f 60/66/69 108/169/175 107/173/70
f 101/174/72 82/847/72 107/175/72
f 58/177/73 118/188/71 129/178/74
f 115/180/44 116/848/44 66/181/44
f 76/183/36 69/187/36 120/184/36
f 53/186/33 121/849/33 120/184/33
f 66/181/29 116/848/29 122/76/29
f 54/152/32 119/154/32 118/188/32
f 135/189/76 160/850/76 157/190/76
f 130/192/77 128/851/176 126/193/78
f 126/195/80 128/852/80 127/196/80
f 125/198/81 127/853/177 132/199/82
f 54/152/84 58/177/84 126/179/84
f 97/202/85 128/206/178 130/203/86
f 76/205/88 127/211/88 128/206/88
f 124/207/89 130/854/89 129/208/89
f 76/205/90 123/855/52 132/210/91
f 84/123/44 63/856/44 134/212/44
f 65/214/44 135/857/44 134/215/44
f 65/217/44 90/858/44 136/218/44
f 84/220/44 133/859/44 136/221/44
f 53/223/93 57/71/93 138/224/93
f 66/226/93 139/228/93 138/224/93
f 67/227/93 140/229/93 139/228/93
f 67/227/93 53/223/93 137/225/93
f 62/230/94 142/234/94 141/231/94
f 68/233/94 143/236/94 142/234/94
f 65/235/94 144/237/94 143/236/94
f 65/235/94 63/232/94 141/231/94
f 87/117/35 146/327/35 145/238/35
f 87/240/35 92/860/35 147/241/35
f 68/243/35 148/861/35 147/244/35
f 68/246/35 62/862/35 145/247/35
f 83/122/44 150/96/44 149/98/44
f 89/249/44 151/863/44 150/250/44
f 116/252/44 152/864/44 151/253/44
f 116/255/44 115/865/44 149/256/44
f 88/118/35 121/74/35 154/62/35
f 122/258/35 155/866/35 154/259/35
f 122/261/35 91/867/35 156/262/35
f 88/264/35 153/868/35 156/265/35
f 158/267/44 157/869/44 160/268/44
f 161/270/93 164/870/93 163/271/93
f 166/273/94 168/871/94 167/274/94
f 170/276/35 172/872/35 171/277/35
f 174/279/44 176/873/44 175/280/44
f 178/63/35 177/831/35 180/281/35
f 136/283/95 159/874/95 160/284/95
f 143/286/96 168/300/96 166/287/96
f 152/289/97 149/875/97 173/290/97
f 140/292/98 163/326/98 164/293/98
f 147/294/99 172/876/99 170/295/99
f 156/297/100 153/877/100 178/298/100
f 144/126/101 167/128/101 168/300/101
f 151/301/100 176/878/100 174/302/100
f 148/304/102 171/879/102 172/305/102
f 155/307/103 180/880/103 177/308/103
f 152/310/95 175/881/95 176/311/95
f 156/313/102 179/882/102 180/314/102
f 134/212/41 157/869/41 158/267/41
f 138/316/104 161/883/104 162/317/104
f 136/319/99 133/884/99 158/320/99
f 142/322/105 166/885/105 165/323/105
f 140/292/106 137/886/106 162/325/106
f 146/327/31 170/276/31 169/278/31
f 184/328/32 183/887/32 182/329/32
f 186/331/107 185/888/107 188/332/107
f 181/334/108 187/889/108 188/335/108
f 182/337/109 183/890/109 185/338/109
f 184/340/99 188/891/99 185/341/99
f 182/343/100 186/892/100 187/344/100
f 189/346/29 191/893/29 200/347/29
f 199/349/29 206/894/29 192/350/29
f 195/352/100 209/895/100 210/353/100
f 197/355/29 204/896/29 205/356/29
f 203/358/99 217/385/99 216/359/99
f 197/361/108 211/897/108 218/362/108
f 194/364/29 201/898/29 202/365/29
f 193/367/100 207/899/100 208/368/100
f 212/370/29 219/900/29 220/371/29
f 210/373/29 217/377/29 218/374/29
f 209/376/29 216/901/29 217/377/29
f 207/378/29 214/902/29 215/379/29
f 202/381/109 216/903/109 209/382/109
f 204/384/99 218/904/99 217/385/99
f 196/354/100 210/353/100 211/386/100
f 194/388/108 208/905/108 215/389/108
f 200/391/109 214/906/109 207/392/109
f 205/394/99 206/907/99 220/395/99
f 198/397/100 212/908/100 213/398/100
f 199/400/108 213/909/108 220/401/108
f 205/403/109 219/910/109 212/404/109
f 200/406/99 201/911/99 215/407/99
f 224/409/32 223/912/32 221/410/32
f 225/412/110 227/913/110 228/413/110
f 221/415/100 225/914/100 226/416/100
f 224/418/99 228/915/99 227/419/99
f 221/421/109 223/916/109 227/422/109
f 222/424/108 226/917/108 228/425/108
f 231/427/111 229/918/111 230/428/111
f 233/430/34 234/919/34 235/431/34
f 230/433/112 233/920/112 236/434/112
f 229/436/113 234/921/113 233/437/113
f 232/439/114 236/922/114 235/440/114
f 229/442/115 231/923/115 235/443/115
f 239/445/116 238/924/116 237/446/116
f 243/448/30 242/925/30 241/449/30
f 240/451/117 244/926/117 241/452/117
f 238/454/118 242/927/118 243/455/118
f 240/457/119 237/928/119 243/458/119
f 239/460/120 241/929/120 242/461/120
f 248/463/121 247/481/121 29/464/121
f 30/466/122 255/930/122 256/467/122
f 266/470/123 255/930/123 30/466/123
f 30/466/123 31/931/123 267/469/123
f 267/473/124 31/932/124 32/471/124
f 32/471/124 272/475/124 271/472/124
f 32/471/32 33/476/32 275/474/32
f 281/478/125 275/474/125 33/476/125
f 33/476/125 34/933/125 283/477/125
f 284/479/126 283/934/126 34/480/126
f 34/480/126 29/464/126 247/481/126
f 250/484/108 249/935/108 29/936/108
f 29/936/108 34/937/108 33/482/108
f 33/482/108 32/938/108 31/483/108
f 31/483/108 30/939/108 250/484/108
f 250/484/108 29/936/108 33/482/108
f 35/485/121 293/940/121 294/486/121
f 36/488/122 264/493/122 265/489/122
f 264/493/127 36/488/123 37/491/123
f 37/491/123 260/941/123 259/492/123
f 259/492/123 269/942/179 264/493/127
f 298/496/124 251/943/124 260/494/124
f 260/494/124 37/944/124 38/495/124
f 38/495/32 39/498/32 299/497/32
f 254/500/125 299/497/125 39/498/125
f 39/498/125 40/945/125 252/499/125
f 261/502/126 252/946/126 40/501/126
f 40/501/126 35/485/126 295/487/126
f 277/947/108 293/948/108 35/503/108
f 35/503/108 40/949/108 39/950/108
f 39/950/108 38/951/108 37/504/108
f 37/504/108 36/952/108 278/505/108
f 278/505/108 277/947/108 35/503/108
f 35/503/108 39/950/108 37/504/108
f 41/506/121 304/953/121 290/507/121
f 289/509/122 303/513/122 42/510/122
f 300/514/123 297/954/123 43/512/123
f 43/512/123 42/510/123 303/513/123
f 285/517/124 288/519/124 44/515/124
f 44/515/124 43/955/124 297/516/124
f 45/518/32 44/515/32 288/519/32
f 287/522/125 301/956/125 46/521/125
f 46/521/125 45/518/125 286/520/125
f 302/524/126 304/953/126 41/506/126
f 41/506/126 46/957/126 301/523/126
f 296/527/109 42/958/109 43/959/109
f 43/959/109 44/960/109 45/525/109
f 45/525/109 46/961/109 41/526/109
f 41/526/109 291/962/109 296/527/109
f 296/527/109 43/959/109 45/525/109
f 292/528/121 282/963/121 47/529/121
f 245/531/122 246/964/122 48/532/122
f 253/535/129 257/965/180 258/534/128
f 258/534/128 49/966/123 48/532/123
f 48/532/123 246/964/123 253/535/129
f 262/538/124 263/540/124 50/536/124
f 50/536/124 49/967/124 258/537/124
f 51/539/32 50/536/32 263/540/32
f 270/543/125 273/968/125 52/542/125
f 52/542/125 51/539/125 268/541/125
f 274/545/126 280/530/126 47/529/126
f 47/529/126 52/969/126 273/544/126
f 276/970/109 48/971/109 49/546/109
f 49/546/109 50/972/109 51/973/109
f 51/973/109 52/974/109 47/547/109
f 47/547/109 282/975/109 279/548/109
f 279/548/109 276/970/109 49/546/109
f 49/546/109 51/973/109 47/547/109
f 288/551/43 285/976/43 78/130/43
f 78/130/43 80/840/43 63/549/43
f 63/549/43 74/89/43 287/977/43
f 63/549/43 287/977/43 286/550/43
f 288/551/43 78/130/43 63/549/43
f 292/978/32 118/188/32 119/154/32
f 119/154/32 294/979/32 293/552/32
f 293/552/32 277/980/32 279/981/32
f 282/553/32 292/978/32 119/154/32
f 293/552/32 279/981/32 282/553/32
f 271/555/36 77/68/36 102/95/36
f 102/95/36 266/982/36 267/554/36
f 283/556/36 284/983/36 98/79/36
f 73/78/36 281/984/36 283/556/36
f 300/558/39 101/131/39 78/130/39
f 78/130/39 285/976/39 297/557/39
f 301/560/39 287/977/39 74/89/39
f 74/89/39 99/91/39 302/559/39
f 299/562/33 254/563/33 120/184/33
f 120/184/33 121/849/33 88/124/33
f 88/124/33 93/140/33 251/985/33
f 88/124/33 251/985/33 298/561/33
f 299/562/33 120/184/33 88/124/33
f 252/564/36 261/986/36 123/185/36
f 123/185/36 120/184/36 254/563/36
f 93/140/36 106/139/36 259/565/36
f 260/566/36 251/985/36 93/140/36
f 246/567/130 245/987/39 86/155/39
f 86/155/39 104/90/39 103/141/39
f 103/141/39 253/588/39 246/567/130
f 264/568/36 269/579/36 106/139/36
f 106/139/36 105/77/36 85/157/36
f 85/157/36 265/988/36 264/568/36
f 265/989/32 85/104/32 86/106/32
f 86/106/32 245/990/32 276/569/32
f 276/569/32 279/981/32 277/980/32
f 278/570/32 265/989/32 86/106/32
f 276/569/32 277/980/32 278/570/32
f 275/571/33 281/984/33 73/78/33
f 73/78/33 62/837/33 81/572/33
f 81/572/33 77/68/33 271/555/33
f 81/572/33 271/555/33 272/573/33
f 275/571/33 73/78/33 81/572/33
f 256/991/32 79/65/32 82/67/32
f 82/67/32 289/992/32 296/574/32
f 291/993/32 290/994/32 61/105/32
f 291/993/32 61/105/32 64/835/32
f 64/835/32 248/995/32 249/575/32
f 250/576/32 256/991/32 82/67/32
f 291/993/32 64/835/32 249/575/32
f 250/576/32 82/67/32 296/574/32
f 296/574/32 291/993/32 249/575/32
f 294/578/36 119/996/36 123/185/36
f 123/185/36 261/986/36 295/577/36
f 303/581/39 289/997/39 82/580/39
f 82/580/39 101/131/39 300/558/39
f 304/583/39 302/559/39 99/91/39
f 99/91/39 61/156/39 290/582/39
f 255/585/36 266/982/36 102/95/36
f 102/95/36 79/998/36 256/584/36
f 248/587/36 64/158/36 98/79/36
f 98/79/36 284/983/36 247/586/36
f 280/591/39 274/595/39 124/103/39
f 124/103/39 118/999/39 292/590/39
f 262/1000/43 96/142/43 83/125/43
f 83/125/43 115/838/43 117/101/43
f 117/101/43 270/1001/43 268/592/43
f 263/593/43 262/1000/43 83/125/43
f 83/125/43 117/101/43 268/592/43
f 257/589/39 103/141/39 96/142/39
f 96/142/39 262/1000/39 258/594/39
f 273/596/39 270/1001/39 117/101/39
f 117/101/39 124/103/39 274/595/39
f 322/597/111 313/622/111 305/598/111
f 321/600/34 319/1002/34 310/601/34
f 305/603/113 310/1003/113 319/604/113
f 318/606/114 308/1004/114 312/607/114
f 313/609/131 307/1005/131 311/610/131
f 306/612/132 309/1006/132 316/613/132
f 314/614/132 316/613/132 312/615/132
f 305/617/131 313/609/131 315/611/131
f 320/619/34 321/600/34 315/602/34
f 318/621/111 307/1007/111 313/622/111
f 318/621/111 322/597/111 314/623/111
f 316/625/34 321/600/34 320/619/34
f 318/606/114 320/608/114 311/627/114
f 317/605/113 319/604/113 309/629/113
f 309/631/34 319/1002/34 321/600/34
f 322/597/111 317/599/111 306/632/111
f 340/633/111 335/1008/111 323/634/111
f 339/636/34 333/656/34 328/637/34
f 337/639/113 328/1009/113 323/640/113
f 338/642/114 330/1010/114 326/643/114
f 331/645/132 333/654/132 329/646/132
f 334/648/131 327/1011/131 324/649/131
f 330/651/131 334/648/131 332/650/131
f 323/653/132 328/1012/132 333/654/132
f 338/655/34 329/1013/34 333/656/34
f 336/657/111 340/633/111 331/635/111
f 332/659/111 340/633/111 336/657/111
f 338/655/34 339/636/34 334/661/34
f 329/663/114 338/642/114 336/644/114
f 327/665/113 337/639/113 335/641/113
f 339/636/34 337/638/34 327/667/34
f 324/668/111 335/1008/111 340/633/111
f 350/669/116 343/1014/116 342/670/116
f 352/672/30 351/1015/30 346/673/30
f 343/675/133 345/1016/133 346/676/133
f 344/678/117 348/1017/117 352/679/117
f 349/681/118 342/1018/118 346/682/118
f 341/684/134 347/1019/134 348/685/134
f 349/681/118 351/683/118 347/687/118
f 350/680/117 352/679/117 345/689/117
f 347/691/30 351/1015/30 352/672/30
f 350/669/116 349/671/116 341/693/116
f 362/695/116 361/1020/116 354/696/116
f 364/698/30 357/1021/30 358/699/30
f 358/701/134 357/1022/134 355/702/134
f 364/704/117 360/1023/117 356/705/117
f 363/707/118 358/1024/118 354/708/118
f 356/710/133 360/1025/133 359/711/133
f 359/713/118 363/707/118 361/709/118
f 357/715/117 364/704/117 362/706/117
f 364/698/30 363/700/30 359/717/30
f 353/719/116 361/1020/116 362/695/116
f 366/721/39 365/1026/39 367/722/39
f 371/724/33 369/1027/33 370/725/33
f 368/727/135 372/1028/135 370/728/135
f 365/730/136 366/1029/136 370/731/136
f 365/733/137 369/1030/137 371/734/137
f 367/736/138 371/1031/138 372/737/138
f 378/739/139 382/783/140 393/740/140
f 373/742/141 380/1032/141 378/743/141
f 374/745/142 379/756/142 380/746/142
f 376/748/143 377/1033/143 379/749/143
f 374/750/144 386/1034/144 388/751/144
f 378/743/145 380/1032/145 381/752/145
f 382/753/146 381/752/146 384/754/146
f 379/756/147 384/1035/147 381/757/147
f 379/749/148 377/1033/148 383/758/148
f 377/760/149 392/782/149 394/761/149
f 386/763/150 385/769/181 387/764/150
f 374/745/151 373/747/151 385/766/151
f 375/768/152 387/764/152 385/769/152
f 376/771/153 388/1036/153 387/772/153
f 390/774/154 389/790/154 395/775/154
f 390/777/155 396/1037/155 397/778/155
f 378/739/156 389/741/156 390/780/156
f 376/771/157 375/773/157 390/780/157
f 377/760/158 376/771/158 391/781/158
f 382/783/159 383/762/160 394/761/160
f 397/784/161 396/1038/161 395/785/161
f 398/786/162 395/785/162 399/787/162
f 393/789/163 399/1039/163 395/775/163
f 391/779/164 397/778/164 398/791/164
f 394/793/165 392/792/165 398/791/165
f 393/795/166 394/1040/166 400/796/166
f 403/798/36 401/1041/36 402/799/36
f 406/801/43 405/1042/43 407/802/43
f 406/804/167 408/1043/167 404/805/167
f 401/807/168 405/1044/168 406/808/168
f 407/810/169 405/1045/169 401/811/169
f 408/813/170 407/1046/170 403/814/170
o Cylinder.003
v -2.895576 -1.050213 -4.541360
v -2.895576 -1.764779 -4.309183
v -2.162144 -1.050213 -4.541360
v -2.895576 -0.335648 -4.309184
v -2.895576 -1.050213 -4.196799
v -2.895576 -0.538175 -4.030428
v -2.895576 -1.562251 -4.030427
v -2.608470 -1.050213 -4.196799
v -2.608470 -0.538175 -4.030428
v -2.608470 -1.562251 -4.030427
v -2.608470 -1.050213 -3.575701
v -2.749059 -1.050213 -4.196799
v -2.749059 -1.562251 -4.030427
v -2.749059 -1.050213 -3.575701
v -2.749059 -0.903247 -3.527949
v -2.749059 -1.197179 -3.527949
v -2.749059 -1.288009 -3.402932
v -2.608470 -1.197179 -3.527949
v -2.608470 -1.288009 -3.402932
v -2.608470 -1.878708 -3.594862
v -2.608470 -1.878708 -3.056473
v -2.895576 -1.878708 -3.594862
v -2.749059 -1.878708 -3.594862
v -2.749059 -1.878708 -3.056473
v -2.749059 -1.288009 -3.248404
v -2.749059 -1.197178 -3.123386
v -2.608470 -1.288009 -3.248404
v -2.608470 -1.197178 -3.123386
v -2.608470 -1.562251 -2.620907
v -2.608470 -1.050213 -2.454537
v -2.895576 -1.562251 -2.620907
v -2.749059 -1.562251 -2.620907
v -2.749059 -1.050213 -2.454537
v -2.749059 -1.050213 -3.075634
v -2.608470 -1.050213 -3.075634
v -2.749059 -0.903247 -3.123387
v -2.749059 -0.812417 -3.248403
v -2.749059 -0.538174 -2.620908
v -2.608470 -0.903247 -3.123387
v -2.608470 -0.538174 -2.620908
v -2.608470 -0.221717 -3.056473
v -2.895576 -0.538174 -2.620908
v -2.895576 -0.221717 -3.056473
v -2.895576 -1.050213 -2.454537
v -2.895576 -0.335647 -2.342153
v -2.895576 0.105979 -2.949999
v -2.895576 -1.050212 -2.109976
v -2.162144 -0.335647 -2.342153
v -2.162144 0.105979 -2.949999
v -2.162144 -1.050212 -2.109976
v -2.162143 -1.764778 -2.342152
v -2.162143 -2.206404 -2.949998
v -2.895576 -1.764778 -2.342152
v -2.895576 -2.206404 -2.949998
v -2.895576 -2.206404 -3.701337
v -2.895576 -1.878708 -3.056473
v -2.162143 -2.206404 -3.701337
v -2.162143 -1.764778 -4.309183
v -2.162144 0.105979 -3.701338
v -2.162144 -0.335648 -4.309184
v -2.895576 0.105979 -3.701338
v -2.895576 -0.221718 -3.594863
v -2.608470 -0.221718 -3.594863
v -2.608470 -0.812417 -3.402932
v -2.749059 -0.221718 -3.594863
v -2.749059 -0.538175 -4.030428
v -2.749059 -0.812417 -3.402932
v -2.608470 -0.812417 -3.248403
v -2.749059 -0.221717 -3.056473
v -2.608470 -0.903247 -3.527949
vn -0.0000 -0.3090 -0.9511
vn -1.0000 -0.0000 -0.0000
vn -0.0000 0.3090 -0.9511
vn -0.0000 -0.3090 0.9511
vn -0.0000 0.3090 0.9511
vn -0.0000 1.0000 -0.0000
vn -0.0000 -0.8090 -0.5878
vn -0.0000 -0.8090 0.5878
vn -0.0000 -1.0000 -0.0000
vn -0.0000 0.8090 0.5878
vn -0.0000 0.8090 -0.5878
vn 1.0000 -0.0000 -0.0000
vt 1.000000 1.000000
vt 0.900000 0.500000
vt 1.000000 0.500000
vt 0.891068 0.444164
vt 0.750000 0.421977
vt 0.750000 0.490000
vt 0.100000 1.000000
vt -0.000000 0.500000
vt 0.100000 0.500000
vt 0.648914 0.389133
vt 0.608932 0.444164
vt 0.851086 0.389133
vt 0.750000 0.299361
vt 0.720986 0.289934
vt 0.796945 0.234747
vt 0.703055 0.234747
vt 0.796945 0.265253
vt 0.779014 0.289934
vt 0.913560 0.303144
vt 0.913560 0.196856
vt 0.779014 0.210066
vt 0.851086 0.110867
vt 0.750000 0.078023
vt 0.750000 0.200639
vt 0.720986 0.210066
vt 0.648914 0.110867
vt 0.586440 0.196856
vt 0.608932 0.055836
vt 0.521746 0.175836
vt 0.750000 0.010000
vt 0.400000 1.000000
vt 0.300000 0.500000
vt 0.400000 0.500000
vt 0.500000 1.000000
vt 0.500000 0.500000
vt 0.021746 0.324164
vt 0.391068 0.055836
vt 0.478254 0.324164
vt 0.600000 0.500000
vt 0.700000 1.000000
vt 0.700000 0.500000
vt 0.891068 0.055836
vt 0.978254 0.175836
vt 0.800000 1.000000
vt 0.800000 0.500000
vt 0.978254 0.324164
vt 0.900000 1.000000
vt 0.300000 1.000000
vt 0.200000 0.500000
vt 0.586440 0.303144
vt 0.521746 0.324164
vt 0.703055 0.265253
vt -0.000000 1.000000
vt 0.391068 0.444164
vt 0.250000 0.490000
vt 0.108932 0.444164
vt 0.021746 0.175836
vt 0.108932 0.055836
vt 0.250000 0.010000
vt 0.478254 0.175836
vt 0.600000 1.000000
vt 0.200000 1.000000
s 1
usemtl Material.014
f 411/1047/182 410/1048/182 409/1049/182
f 410/1050/183 413/1051/183 409/1052/183
f 468/1053/184 409/1054/184 412/1055/184
f 409/1052/183 414/1056/183 412/1057/183
f 416/1051/185 414/1056/185 413/1051/185
f 418/1058/186 413/1051/186 415/1058/186
f 419/1059/183 417/1056/183 416/1051/183
f 421/1058/182 416/1051/182 418/1058/182
f 420/1051/187 419/1059/187 416/1051/187
f 421/1058/183 422/1059/183 420/1051/183
f 422/1059/184 478/1060/184 419/1059/184
f 433/1061/183 445/1062/183 423/1060/183
f 425/1063/188 426/1064/188 427/1063/188
f 424/1064/189 418/1058/189 426/1064/189
f 427/1063/183 418/1058/183 428/1065/183
f 431/1065/184 427/1063/184 428/1065/184
f 429/1066/187 430/1065/187 464/1066/187
f 432/1066/190 428/1065/190 429/1066/190
f 430/1065/191 418/1058/191 415/1058/191
f 433/1061/183 431/1065/183 432/1066/183
f 435/1061/186 432/1066/186 429/1066/186
f 434/1067/189 435/1061/189 436/1067/189
f 436/1067/183 429/1066/183 437/1068/183
f 440/1068/188 436/1067/188 437/1068/188
f 438/1069/184 439/1068/184 452/1069/184
f 441/1069/185 437/1068/185 438/1069/185
f 437/1068/192 464/1066/192 439/1068/192
f 441/1069/183 434/1067/183 440/1068/183
f 442/1070/187 438/1069/187 443/1070/187
f 444/1071/186 443/1070/186 447/1071/186
f 445/1062/183 446/1072/183 477/1073/183
f 448/1072/189 444/1071/189 447/1071/189
f 447/1071/183 438/1069/183 448/1072/183
f 449/1073/188 450/1072/188 451/1073/188
f 477/1073/191 448/1072/191 449/1073/191
f 448/1072/182 452/1069/182 450/1072/182
f 451/1073/183 453/1074/183 454/1075/183
f 453/1074/183 452/1069/183 455/1076/183
f 456/1077/191 454/1078/191 453/1079/191
f 458/1080/186 453/1079/186 455/1081/186
f 467/1082/193 459/1083/193 465/1084/193
f 461/1085/185 458/1080/185 455/1081/185
f 460/1086/189 461/1085/189 462/1087/189
f 455/1076/183 439/1068/183 461/1088/183
f 439/1068/183 462/1089/183 461/1088/183
f 465/1090/190 462/1087/190 463/1091/190
f 464/1066/183 463/1092/183 462/1089/183
f 466/1093/188 463/1091/188 410/1048/188
f 430/1065/183 410/1050/183 463/1092/183
f 457/1094/187 469/1095/187 454/1078/187
f 469/1095/192 468/1053/192 412/1055/192
f 412/1057/183 470/1096/183 469/1097/183
f 470/1096/183 454/1075/183 469/1097/183
f 417/1056/189 470/1096/189 414/1056/189
f 471/1096/190 451/1073/190 470/1096/190
f 474/1056/192 471/1096/192 417/1056/192
f 471/1096/183 476/1062/183 449/1073/183
f 473/1096/186 472/1098/186 471/1096/186
f 423/1060/183 473/1096/183 474/1056/183
f 475/1098/187 476/1062/187 472/1098/187
f 423/1060/188 417/1056/188 478/1060/188
f 445/1062/184 449/1073/184 476/1062/184
f 411/1047/182 466/1093/182 410/1048/182
f 410/1050/183 415/1058/183 413/1051/183
f 468/1053/184 411/1099/184 409/1054/184
f 409/1052/183 413/1051/183 414/1056/183
f 416/1051/185 417/1056/185 414/1056/185
f 418/1058/186 416/1051/186 413/1051/186
f 419/1059/183 478/1060/183 417/1056/183
f 421/1058/182 420/1051/182 416/1051/182
f 420/1051/187 422/1059/187 419/1059/187
f 421/1058/183 424/1064/183 422/1059/183
f 422/1059/184 423/1060/184 478/1060/184
f 423/1060/183 422/1059/183 424/1064/183
f 424/1064/183 425/1063/183 433/1061/183
f 433/1061/183 434/1067/183 442/1070/183
f 442/1070/183 444/1071/183 445/1062/183
f 445/1062/183 475/1098/183 423/1060/183
f 423/1060/183 424/1064/183 433/1061/183
f 433/1061/183 442/1070/183 445/1062/183
f 425/1063/188 424/1064/188 426/1064/188
f 424/1064/189 421/1058/189 418/1058/189
f 427/1063/183 426/1064/183 418/1058/183
f 431/1065/184 425/1063/184 427/1063/184
f 429/1066/187 428/1065/187 430/1065/187
f 432/1066/190 431/1065/190 428/1065/190
f 430/1065/191 428/1065/191 418/1058/191
f 433/1061/183 425/1063/183 431/1065/183
f 435/1061/186 433/1061/186 432/1066/186
f 434/1067/189 433/1061/189 435/1061/189
f 436/1067/183 435/1061/183 429/1066/183
f 440/1068/188 434/1067/188 436/1067/188
f 438/1069/184 437/1068/184 439/1068/184
f 441/1069/185 440/1068/185 437/1068/185
f 437/1068/192 429/1066/192 464/1066/192
f 441/1069/183 442/1070/183 434/1067/183
f 442/1070/187 441/1069/187 438/1069/187
f 444/1071/186 442/1070/186 443/1070/186
f 445/1062/183 444/1071/183 446/1072/183
f 448/1072/189 446/1072/189 444/1071/189
f 447/1071/183 443/1070/183 438/1069/183
f 449/1073/188 448/1072/188 450/1072/188
f 477/1073/191 446/1072/191 448/1072/191
f 448/1072/182 438/1069/182 452/1069/182
f 451/1073/183 450/1072/183 453/1074/183
f 453/1074/183 450/1072/183 452/1069/183
f 456/1077/191 457/1094/191 454/1078/191
f 458/1080/186 456/1077/186 453/1079/186
f 465/1084/193 466/1100/193 411/1101/193
f 411/1101/193 468/1102/193 467/1082/193
f 467/1082/193 457/1103/193 456/1104/193
f 456/1104/193 458/1105/193 459/1083/193
f 459/1083/193 460/1106/193 465/1084/193
f 465/1084/193 411/1101/193 467/1082/193
f 467/1082/193 456/1104/193 459/1083/193
f 461/1085/185 459/1107/185 458/1080/185
f 460/1086/189 459/1107/189 461/1085/189
f 455/1076/183 452/1069/183 439/1068/183
f 439/1068/183 464/1066/183 462/1089/183
f 465/1090/190 460/1086/190 462/1087/190
f 464/1066/183 430/1065/183 463/1092/183
f 466/1093/188 465/1090/188 463/1091/188
f 430/1065/183 415/1058/183 410/1050/183
f 457/1094/187 467/1108/187 469/1095/187
f 469/1095/192 467/1108/192 468/1053/192
f 412/1057/183 414/1056/183 470/1096/183
f 470/1096/183 451/1073/183 454/1075/183
f 417/1056/189 471/1096/189 470/1096/189
f 471/1096/190 449/1073/190 451/1073/190
f 474/1056/192 473/1096/192 471/1096/192
f 471/1096/183 472/1098/183 476/1062/183
f 473/1096/186 475/1098/186 472/1098/186
f 423/1060/183 475/1098/183 473/1096/183
f 475/1098/187 445/1062/187 476/1062/187
f 423/1060/188 474/1056/188 417/1056/188
f 445/1062/184 477/1073/184 449/1073/184
o Cylinder.004
v 2.895576 -1.050211 1.965382
v 2.895576 -1.764777 2.197559
v 2.162144 -1.050211 1.965382
v 2.895576 -0.335646 2.197558
v 2.895576 -1.050211 2.309943
v 2.895576 -0.538173 2.476314
v 2.895576 -1.562250 2.476314
v 2.608470 -1.050211 2.309943
v 2.608470 -0.538173 2.476314
v 2.608470 -1.562250 2.476314
v 2.608470 -1.050211 2.931041
v 2.749059 -1.050211 2.309943
v 2.749059 -1.562250 2.476314
v 2.749059 -1.050211 2.931041
v 2.749059 -0.903245 2.978793
v 2.749059 -1.197177 2.978793
v 2.749059 -1.288007 3.103810
v 2.608470 -1.197177 2.978793
v 2.608470 -1.288007 3.103810
v 2.608470 -1.878706 2.911880
v 2.608470 -1.878706 3.450269
v 2.895576 -1.878706 2.911880
v 2.749059 -1.878706 2.911880
v 2.749059 -1.878706 3.450269
v 2.749059 -1.288007 3.258339
v 2.749059 -1.197177 3.383356
v 2.608470 -1.288007 3.258339
v 2.608470 -1.197177 3.383356
v 2.608470 -1.562249 3.885834
v 2.608470 -1.050211 4.052206
v 2.895576 -1.562249 3.885834
v 2.749059 -1.562249 3.885834
v 2.749059 -1.050211 4.052206
v 2.749059 -1.050211 3.431108
v 2.608470 -1.050211 3.431108
v 2.749059 -0.903245 3.383355
v 2.749059 -0.812415 3.258339
v 2.749059 -0.538173 3.885834
v 2.608470 -0.903245 3.383355
v 2.608470 -0.538173 3.885834
v 2.608470 -0.221716 3.450269
v 2.895576 -0.538173 3.885834
v 2.895576 -0.221716 3.450269
v 2.895576 -1.050211 4.052206
v 2.895576 -0.335645 4.164589
v 2.895576 0.105980 3.556744
v 2.895576 -1.050211 4.396766
v 2.162143 -0.335645 4.164589
v 2.162143 0.105980 3.556744
v 2.162144 -1.050211 4.396766
v 2.162144 -1.764776 4.164590
v 2.162144 -2.206403 3.556744
v 2.895576 -1.764776 4.164590
v 2.895576 -2.206403 3.556744
v 2.895576 -2.206403 2.805405
v 2.895576 -1.878706 3.450269
v 2.162144 -2.206403 2.805405
v 2.162144 -1.764777 2.197559
v 2.162143 0.105980 2.805404
v 2.162143 -0.335646 2.197558
v 2.895576 0.105980 2.805404
v 2.895576 -0.221716 2.911880
v 2.608470 -0.221716 2.911880
v 2.608470 -0.812415 3.103809
v 2.749059 -0.221716 2.911880
v 2.749059 -0.538173 2.476314
v 2.749059 -0.812415 3.103809
v 2.608470 -0.812415 3.258339
v 2.749059 -0.221716 3.450269
v 2.608470 -0.903245 2.978793
vn 1.0000 -0.0000 -0.0000
vn -0.0000 -0.3090 -0.9511
vn -0.0000 0.3090 -0.9511
vn -0.0000 -0.3090 0.9511
vn -0.0000 0.3090 0.9511
vn -0.0000 1.0000 -0.0000
vn -0.0000 -0.8090 -0.5878
vn -0.0000 -0.8090 0.5878
vn -0.0000 -1.0000 -0.0000
vn -0.0000 0.8090 0.5878
vn -0.0000 0.8090 -0.5878
vn -1.0000 -0.0000 -0.0000
vt 0.750000 0.490000
vt 0.851086 0.389133
vt 0.891068 0.444164
vt 0.900000 0.500000
vt 1.000000 1.000000
vt 1.000000 0.500000
vt -0.000000 0.500000
vt 0.100000 1.000000
vt 0.100000 0.500000
vt 0.648914 0.389133
vt 0.750000 0.421977
vt 0.750000 0.299361
vt 0.779014 0.289934
vt 0.720986 0.289934
vt 0.703055 0.234747
vt 0.796945 0.234747
vt 0.796945 0.265253
vt 0.913560 0.303144
vt 0.913560 0.196856
vt 0.779014 0.210066
vt 0.851086 0.110867
vt 0.750000 0.078023
vt 0.750000 0.200639
vt 0.720986 0.210066
vt 0.586440 0.196856
vt 0.648914 0.110867
vt 0.608932 0.055836
vt 0.521746 0.175836
vt 0.750000 0.010000
vt 0.400000 0.500000
vt 0.300000 1.000000
vt 0.400000 1.000000
vt 0.500000 1.000000
vt 0.500000 0.500000
vt 0.391068 0.055836
vt 0.021746 0.324164
vt 0.250000 0.490000
vt 0.600000 1.000000
vt 0.600000 0.500000
vt 0.700000 1.000000
vt 0.700000 0.500000
vt 0.891068 0.055836
vt 0.800000 1.000000
vt 0.800000 0.500000
vt 0.978254 0.324164
vt 0.978254 0.175836
vt 0.900000 1.000000
vt 0.200000 0.500000
vt 0.300000 0.500000
vt 0.200000 1.000000
vt 0.521746 0.324164
vt 0.608932 0.444164
vt 0.586440 0.303144
vt 0.703055 0.265253
vt -0.000000 1.000000
vt 0.391068 0.444164
vt 0.478254 0.324164
vt 0.478254 0.175836
vt 0.250000 0.010000
vt 0.108932 0.055836
vt 0.021746 0.175836
vt 0.108932 0.444164
s 1
usemtl Material.014
f 479/1109/194 485/1110/194 480/1111/194
f 480/1112/195 481/1113/195 479/1114/195
f 479/1115/196 538/1116/196 482/1117/196
f 479/1109/194 484/1118/194 483/1119/194
f 484/1118/197 486/1119/197 483/1119/197
f 483/1119/198 488/1110/198 485/1110/198
f 487/1118/194 489/1120/194 486/1119/194
f 486/1119/195 491/1110/195 488/1110/195
f 489/1120/199 490/1119/199 486/1119/199
f 490/1119/194 494/1121/194 491/1110/194
f 548/1122/196 492/1120/196 489/1120/196
f 515/1123/194 503/1124/194 494/1121/194
f 497/1125/200 494/1121/200 495/1125/200
f 488/1110/201 494/1121/201 496/1121/201
f 498/1126/194 496/1121/194 497/1125/194
f 497/1125/196 501/1126/196 498/1126/196
f 498/1126/202 502/1127/202 499/1127/202
f 500/1126/199 499/1127/199 534/1127/199
f 485/1110/203 498/1126/203 500/1126/203
f 501/1126/194 503/1124/194 502/1127/194
f 499/1127/198 503/1124/198 505/1124/198
f 505/1124/201 504/1128/201 506/1128/201
f 499/1127/194 506/1128/194 507/1129/194
f 507/1129/200 504/1128/200 510/1129/200
f 507/1129/197 511/1130/197 508/1130/197
f 509/1129/196 508/1130/196 522/1130/196
f 534/1127/204 507/1129/204 509/1129/204
f 510/1129/194 512/1131/194 511/1130/194
f 508/1130/199 512/1131/199 513/1131/199
f 513/1131/198 514/1132/198 517/1132/198
f 547/1133/194 514/1132/194 515/1123/194
f 517/1132/201 516/1134/201 518/1134/201
f 518/1134/194 513/1131/194 517/1132/194
f 518/1134/203 547/1133/203 519/1133/203
f 521/1133/200 518/1134/200 519/1133/200
f 522/1130/195 518/1134/195 520/1134/195
f 523/1135/194 521/1133/194 524/1136/194
f 525/1137/194 520/1134/194 523/1135/194
f 523/1138/203 527/1139/203 526/1140/203
f 523/1138/198 528/1141/198 525/1142/198
f 529/1143/205 537/1144/205 481/1145/205
f 525/1142/197 529/1146/197 531/1147/197
f 531/1147/201 530/1148/201 532/1149/201
f 531/1150/194 522/1130/194 525/1137/194
f 531/1150/194 534/1127/194 509/1129/194
f 532/1149/202 535/1151/202 533/1152/202
f 533/1153/194 534/1127/194 532/1154/194
f 480/1111/194 500/1126/194 533/1153/194
f 533/1152/200 536/1155/200 480/1112/200
f 539/1156/199 527/1139/199 524/1157/199
f 539/1156/204 538/1116/204 537/1158/204
f 539/1159/194 484/1118/194 482/1160/194
f 524/1136/194 540/1161/194 539/1159/194
f 540/1161/201 487/1118/201 484/1118/201
f 521/1133/202 541/1161/202 540/1161/202
f 541/1161/204 544/1118/204 487/1118/204
f 541/1161/194 546/1123/194 542/1162/194
f 542/1162/198 543/1161/198 541/1161/198
f 543/1161/194 493/1122/194 544/1118/194
f 546/1123/199 545/1162/199 542/1162/199
f 487/1118/200 493/1122/200 548/1122/200
f 546/1123/196 547/1133/196 515/1123/196
f 479/1109/194 483/1119/194 485/1110/194
f 480/1112/195 536/1155/195 481/1113/195
f 479/1115/196 481/1163/196 538/1116/196
f 479/1109/194 482/1160/194 484/1118/194
f 484/1118/197 487/1118/197 486/1119/197
f 483/1119/198 486/1119/198 488/1110/198
f 487/1118/194 548/1122/194 489/1120/194
f 486/1119/195 490/1119/195 491/1110/195
f 489/1120/199 492/1120/199 490/1119/199
f 490/1119/194 492/1120/194 494/1121/194
f 548/1122/196 493/1122/196 492/1120/196
f 494/1121/194 492/1120/194 493/1122/194
f 493/1122/194 545/1162/194 515/1123/194
f 515/1123/194 514/1132/194 512/1131/194
f 512/1131/194 504/1128/194 503/1124/194
f 503/1124/194 495/1125/194 494/1121/194
f 494/1121/194 493/1122/194 515/1123/194
f 515/1123/194 512/1131/194 503/1124/194
f 497/1125/200 496/1121/200 494/1121/200
f 488/1110/201 491/1110/201 494/1121/201
f 498/1126/194 488/1110/194 496/1121/194
f 497/1125/196 495/1125/196 501/1126/196
f 498/1126/202 501/1126/202 502/1127/202
f 500/1126/199 498/1126/199 499/1127/199
f 485/1110/203 488/1110/203 498/1126/203
f 501/1126/194 495/1125/194 503/1124/194
f 499/1127/198 502/1127/198 503/1124/198
f 505/1124/201 503/1124/201 504/1128/201
f 499/1127/194 505/1124/194 506/1128/194
f 507/1129/200 506/1128/200 504/1128/200
f 507/1129/197 510/1129/197 511/1130/197
f 509/1129/196 507/1129/196 508/1130/196
f 534/1127/204 499/1127/204 507/1129/204
f 510/1129/194 504/1128/194 512/1131/194
f 508/1130/199 511/1130/199 512/1131/199
f 513/1131/198 512/1131/198 514/1132/198
f 547/1133/194 516/1134/194 514/1132/194
f 517/1132/201 514/1132/201 516/1134/201
f 518/1134/194 508/1130/194 513/1131/194
f 518/1134/203 516/1134/203 547/1133/203
f 521/1133/200 520/1134/200 518/1134/200
f 522/1130/195 508/1130/195 518/1134/195
f 523/1135/194 520/1134/194 521/1133/194
f 525/1137/194 522/1130/194 520/1134/194
f 523/1138/203 524/1157/203 527/1139/203
f 523/1138/198 526/1140/198 528/1141/198
f 481/1145/205 536/1164/205 535/1165/205
f 535/1165/205 530/1166/205 529/1143/205
f 529/1143/205 528/1167/205 526/1168/205
f 526/1168/205 527/1169/205 537/1144/205
f 537/1144/205 538/1170/205 481/1145/205
f 481/1145/205 535/1165/205 529/1143/205
f 529/1143/205 526/1168/205 537/1144/205
f 525/1142/197 528/1141/197 529/1146/197
f 531/1147/201 529/1146/201 530/1148/201
f 531/1150/194 509/1129/194 522/1130/194
f 531/1150/194 532/1154/194 534/1127/194
f 532/1149/202 530/1148/202 535/1151/202
f 533/1153/194 500/1126/194 534/1127/194
f 480/1111/194 485/1110/194 500/1126/194
f 533/1152/200 535/1151/200 536/1155/200
f 539/1156/199 537/1158/199 527/1139/199
f 539/1156/204 482/1117/204 538/1116/204
f 539/1159/194 540/1161/194 484/1118/194
f 524/1136/194 521/1133/194 540/1161/194
f 540/1161/201 541/1161/201 487/1118/201
f 521/1133/202 519/1133/202 541/1161/202
f 541/1161/204 543/1161/204 544/1118/204
f 541/1161/194 519/1133/194 546/1123/194
f 542/1162/198 545/1162/198 543/1161/198
f 543/1161/194 545/1162/194 493/1122/194
f 546/1123/199 515/1123/199 545/1162/199
f 487/1118/200 544/1118/200 493/1122/200
f 546/1123/196 519/1133/196 547/1133/196
o Cylinder.005
v -2.895576 -1.050212 1.965382
v -2.895576 -1.764778 2.197559
v -2.162144 -1.050212 1.965382
v -2.895576 -0.335647 2.197558
v -2.895576 -1.050212 2.309943
v -2.895576 -0.538174 2.476314
v -2.895576 -1.562250 2.476314
v -2.608470 -1.050212 2.309943
v -2.608470 -0.538174 2.476314
v -2.608470 -1.562250 2.476314
v -2.608470 -1.050212 2.931041
v -2.749059 -1.050212 2.309943
v -2.749059 -1.562250 2.476314
v -2.749059 -1.050212 2.931041
v -2.749059 -0.903246 2.978793
v -2.749059 -1.197178 2.978793
v -2.749059 -1.288008 3.103810
v -2.608470 -1.197178 2.978793
v -2.608470 -1.288008 3.103810
v -2.608470 -1.878707 2.911880
v -2.608470 -1.878707 3.450269
v -2.895576 -1.878707 2.911880
v -2.749059 -1.878707 2.911880
v -2.749059 -1.878707 3.450269
v -2.749059 -1.288008 3.258339
v -2.749059 -1.197177 3.383356
v -2.608470 -1.288008 3.258339
v -2.608470 -1.197177 3.383356
v -2.608470 -1.562250 3.885834
v -2.608470 -1.050211 4.052206
v -2.895576 -1.562250 3.885834
v -2.749059 -1.562250 3.885834
v -2.749059 -1.050211 4.052206
v -2.749059 -1.050212 3.431108
v -2.608470 -1.050212 3.431108
v -2.749059 -0.903246 3.383355
v -2.749059 -0.812416 3.258339
v -2.749059 -0.538173 3.885834
v -2.608470 -0.903246 3.383355
v -2.608470 -0.538173 3.885834
v -2.608470 -0.221716 3.450269
v -2.895576 -0.538173 3.885834
v -2.895576 -0.221716 3.450269
v -2.895576 -1.050211 4.052206
v -2.895576 -0.335646 4.164589
v -2.895576 0.105980 3.556744
v -2.895576 -1.050211 4.396766
v -2.162144 -0.335646 4.164589
v -2.162144 0.105980 3.556744
v -2.162144 -1.050211 4.396766
v -2.162143 -1.764777 4.164590
v -2.162143 -2.206403 3.556744
v -2.895576 -1.764777 4.164590
v -2.895576 -2.206403 3.556744
v -2.895576 -2.206403 2.805405
v -2.895576 -1.878707 3.450269
v -2.162143 -2.206403 2.805405
v -2.162143 -1.764777 2.197559
v -2.162144 0.105980 2.805404
v -2.162144 -0.335646 2.197558
v -2.895576 0.105980 2.805404
v -2.895576 -0.221717 2.911880
v -2.608470 -0.221717 2.911880
v -2.608470 -0.812416 3.103809
v -2.749059 -0.221717 2.911880
v -2.749059 -0.538174 2.476314
v -2.749059 -0.812416 3.103809
v -2.608470 -0.812416 3.258339
v -2.749059 -0.221716 3.450269
v -2.608470 -0.903246 2.978793
vn -0.0000 -0.3090 -0.9511
vn -1.0000 -0.0000 -0.0000
vn -0.0000 0.3090 -0.9511
vn -0.0000 -0.3090 0.9511
vn -0.0000 0.3090 0.9511
vn -0.0000 1.0000 -0.0000
vn -0.0000 -0.8090 -0.5878
vn -0.0000 -0.8090 0.5878
vn -0.0000 -1.0000 -0.0000
vn -0.0000 0.8090 0.5878
vn -0.0000 0.8090 -0.5878
vn 1.0000 -0.0000 -0.0000
vt 1.000000 0.500000
vt 0.900000 1.000000
vt 0.900000 0.500000
vt 0.851086 0.389133
vt 0.750000 0.490000
vt 0.891068 0.444164
vt 0.100000 0.500000
vt -0.000000 1.000000
vt -0.000000 0.500000
vt 0.750000 0.421977
vt 0.608932 0.444164
vt 0.648914 0.389133
vt 0.750000 0.299361
vt 0.779014 0.289934
vt 0.720986 0.289934
vt 0.796945 0.234747
vt 0.703055 0.234747
vt 0.796945 0.265253
vt 0.913560 0.303144
vt 0.913560 0.196856
vt 0.779014 0.210066
vt 0.851086 0.110867
vt 0.750000 0.078023
vt 0.750000 0.200639
vt 0.720986 0.210066
vt 0.586440 0.196856
vt 0.648914 0.110867
vt 0.608932 0.055836
vt 0.521746 0.175836
vt 0.750000 0.010000
vt 0.400000 1.000000
vt 0.300000 0.500000
vt 0.400000 0.500000
vt 0.500000 1.000000
vt 0.500000 0.500000
vt 0.021746 0.324164
vt 0.391068 0.055836
vt 0.478254 0.324164
vt 0.600000 0.500000
vt 0.700000 1.000000
vt 0.700000 0.500000
vt 0.891068 0.055836
vt 0.978254 0.175836
vt 0.800000 1.000000
vt 0.800000 0.500000
vt 0.978254 0.324164
vt 0.300000 1.000000
vt 0.200000 0.500000
vt 0.200000 1.000000
vt 0.521746 0.324164
vt 0.586440 0.303144
vt 0.703055 0.265253
vt 1.000000 1.000000
vt 0.100000 1.000000
vt 0.391068 0.444164
vt 0.250000 0.490000
vt 0.108932 0.444164
vt 0.021746 0.175836
vt 0.108932 0.055836
vt 0.250000 0.010000
vt 0.478254 0.175836
vt 0.600000 1.000000
s 1
usemtl Material.014
f 549/1171/206 606/1172/206 550/1173/206
f 555/1174/207 549/1175/207 550/1176/207
f 552/1177/208 551/1178/208 549/1179/208
f 553/1180/207 552/1181/207 549/1175/207
f 556/1180/209 554/1182/209 553/1180/209
f 558/1174/210 553/1180/210 555/1174/210
f 559/1183/207 557/1182/207 556/1180/207
f 561/1174/206 556/1180/206 558/1174/206
f 560/1180/211 559/1183/211 556/1180/211
f 564/1184/207 560/1180/207 561/1174/207
f 562/1183/208 618/1185/208 559/1183/208
f 573/1186/207 585/1187/207 563/1185/207
f 565/1188/212 566/1184/212 567/1188/212
f 564/1184/213 558/1174/213 566/1184/213
f 567/1188/207 558/1174/207 568/1189/207
f 571/1189/208 567/1188/208 568/1189/208
f 569/1190/211 570/1189/211 604/1190/211
f 572/1190/214 568/1189/214 569/1190/214
f 568/1189/215 555/1174/215 570/1189/215
f 573/1186/207 571/1189/207 572/1190/207
f 575/1186/210 572/1190/210 569/1190/210
f 574/1191/213 575/1186/213 576/1191/213
f 576/1191/207 569/1190/207 577/1192/207
f 580/1192/212 576/1191/212 577/1192/212
f 578/1193/208 579/1192/208 592/1193/208
f 581/1193/209 577/1192/209 578/1193/209
f 577/1192/216 604/1190/216 579/1192/216
f 582/1194/207 580/1192/207 581/1193/207
f 582/1194/211 578/1193/211 583/1194/211
f 584/1195/210 583/1194/210 587/1195/210
f 617/1196/207 584/1195/207 586/1197/207
f 588/1197/213 584/1195/213 587/1195/213
f 588/1197/207 583/1194/207 578/1193/207
f 589/1196/212 590/1197/212 591/1196/212
f 617/1196/215 588/1197/215 589/1196/215
f 588/1197/206 592/1193/206 590/1197/206
f 591/1196/207 593/1198/207 594/1199/207
f 590/1197/207 595/1200/207 593/1198/207
f 596/1201/215 594/1202/215 593/1203/215
f 598/1204/210 593/1203/210 595/1205/210
f 607/1206/217 599/1207/217 605/1208/217
f 601/1209/209 598/1204/209 595/1205/209
f 600/1210/213 601/1209/213 602/1211/213
f 592/1193/207 601/1212/207 595/1200/207
f 601/1212/207 604/1190/207 602/1213/207
f 605/1214/214 602/1211/214 603/1215/214
f 604/1190/207 603/1216/207 602/1213/207
f 606/1172/212 603/1215/212 550/1173/212
f 570/1189/207 550/1176/207 603/1216/207
f 597/1217/211 609/1218/211 594/1202/211
f 607/1219/216 552/1177/216 609/1218/216
f 554/1182/207 609/1220/207 552/1181/207
f 610/1221/207 594/1199/207 609/1220/207
f 557/1182/213 610/1221/213 554/1182/213
f 611/1221/214 591/1196/214 610/1221/214
f 614/1182/216 611/1221/216 557/1182/216
f 611/1221/207 616/1187/207 589/1196/207
f 613/1221/210 612/1222/210 611/1221/210
f 563/1185/207 613/1221/207 614/1182/207
f 615/1222/211 616/1187/211 612/1222/211
f 563/1185/212 557/1182/212 618/1185/212
f 585/1187/208 589/1196/208 616/1187/208
f 549/1171/206 551/1223/206 606/1172/206
f 555/1174/207 553/1180/207 549/1175/207
f 552/1177/208 608/1224/208 551/1178/208
f 553/1180/207 554/1182/207 552/1181/207
f 556/1180/209 557/1182/209 554/1182/209
f 558/1174/210 556/1180/210 553/1180/210
f 559/1183/207 618/1185/207 557/1182/207
f 561/1174/206 560/1180/206 556/1180/206
f 560/1180/211 562/1183/211 559/1183/211
f 564/1184/207 562/1183/207 560/1180/207
f 562/1183/208 563/1185/208 618/1185/208
f 563/1185/207 562/1183/207 564/1184/207
f 564/1184/207 565/1188/207 573/1186/207
f 573/1186/207 574/1191/207 582/1194/207
f 582/1194/207 584/1195/207 585/1187/207
f 585/1187/207 615/1222/207 563/1185/207
f 563/1185/207 564/1184/207 573/1186/207
f 573/1186/207 582/1194/207 585/1187/207
f 565/1188/212 564/1184/212 566/1184/212
f 564/1184/213 561/1174/213 558/1174/213
f 567/1188/207 566/1184/207 558/1174/207
f 571/1189/208 565/1188/208 567/1188/208
f 569/1190/211 568/1189/211 570/1189/211
f 572/1190/214 571/1189/214 568/1189/214
f 568/1189/215 558/1174/215 555/1174/215
f 573/1186/207 565/1188/207 571/1189/207
f 575/1186/210 573/1186/210 572/1190/210
f 574/1191/213 573/1186/213 575/1186/213
f 576/1191/207 575/1186/207 569/1190/207
f 580/1192/212 574/1191/212 576/1191/212
f 578/1193/208 577/1192/208 579/1192/208
f 581/1193/209 580/1192/209 577/1192/209
f 577/1192/216 569/1190/216 604/1190/216
f 582/1194/207 574/1191/207 580/1192/207
f 582/1194/211 581/1193/211 578/1193/211
f 584/1195/210 582/1194/210 583/1194/210
f 617/1196/207 585/1187/207 584/1195/207
f 588/1197/213 586/1197/213 584/1195/213
f 588/1197/207 587/1195/207 583/1194/207
f 589/1196/212 588/1197/212 590/1197/212
f 617/1196/215 586/1197/215 588/1197/215
f 588/1197/206 578/1193/206 592/1193/206
f 591/1196/207 590/1197/207 593/1198/207
f 590/1197/207 592/1193/207 595/1200/207
f 596/1201/215 597/1217/215 594/1202/215
f 598/1204/210 596/1201/210 593/1203/210
f 605/1208/217 606/1225/217 551/1226/217
f 551/1226/217 608/1227/217 607/1206/217
f 607/1206/217 597/1228/217 596/1229/217
f 596/1229/217 598/1230/217 599/1207/217
f 599/1207/217 600/1231/217 605/1208/217
f 605/1208/217 551/1226/217 607/1206/217
f 607/1206/217 596/1229/217 599/1207/217
f 601/1209/209 599/1232/209 598/1204/209
f 600/1210/213 599/1232/213 601/1209/213
f 592/1193/207 579/1192/207 601/1212/207
f 601/1212/207 579/1192/207 604/1190/207
f 605/1214/214 600/1210/214 602/1211/214
f 604/1190/207 570/1189/207 603/1216/207
f 606/1172/212 605/1214/212 603/1215/212
f 570/1189/207 555/1174/207 550/1176/207
f 597/1217/211 607/1219/211 609/1218/211
f 607/1219/216 608/1224/216 552/1177/216
f 554/1182/207 610/1221/207 609/1220/207
f 610/1221/207 591/1196/207 594/1199/207
f 557/1182/213 611/1221/213 610/1221/213
f 611/1221/214 589/1196/214 591/1196/214
f 614/1182/216 613/1221/216 611/1221/216
f 611/1221/207 612/1222/207 616/1187/207
f 613/1221/210 615/1222/210 612/1222/210
f 563/1185/207 615/1222/207 613/1221/207
f 615/1222/211 585/1187/211 616/1187/211
f 563/1185/212 614/1182/212 557/1182/212
f 585/1187/208 617/1196/208 589/1196/208
o Cylinder.002
v 2.895576 -1.050212 -4.541360
v 2.895576 -1.764778 -4.309183
v 2.162144 -1.050212 -4.541360
v 2.895576 -0.335647 -4.309184
v 2.895576 -1.050212 -4.196799
v 2.895576 -0.538174 -4.030428
v 2.895576 -1.562251 -4.030427
v 2.608470 -1.050212 -4.196799
v 2.608470 -0.538174 -4.030428
v 2.608470 -1.562251 -4.030427
v 2.608470 -1.050212 -3.575701
v 2.749059 -1.050212 -4.196799
v 2.749059 -1.562251 -4.030427
v 2.749059 -1.050212 -3.575701
v 2.749059 -0.903246 -3.527949
v 2.749059 -1.197178 -3.527949
v 2.749059 -1.288008 -3.402932
v 2.608470 -1.197178 -3.527949
v 2.608470 -1.288008 -3.402932
v 2.608470 -1.878708 -3.594862
v 2.608470 -1.878707 -3.056473
v 2.895576 -1.878708 -3.594862
v 2.749059 -1.878708 -3.594862
v 2.749059 -1.878707 -3.056473
v 2.749059 -1.288008 -3.248404
v 2.749059 -1.197178 -3.123386
v 2.608470 -1.288008 -3.248404
v 2.608470 -1.197178 -3.123386
v 2.608470 -1.562250 -2.620907
v 2.608470 -1.050212 -2.454537
v 2.895576 -1.562250 -2.620907
v 2.749059 -1.562250 -2.620907
v 2.749059 -1.050212 -2.454537
v 2.749059 -1.050212 -3.075634
v 2.608470 -1.050212 -3.075634
v 2.749059 -0.903246 -3.123387
v 2.749059 -0.812416 -3.248403
v 2.749059 -0.538174 -2.620908
v 2.608470 -0.903246 -3.123387
v 2.608470 -0.538174 -2.620908
v 2.608470 -0.221717 -3.056473
v 2.895576 -0.538174 -2.620908
v 2.895576 -0.221717 -3.056473
v 2.895576 -1.050212 -2.454537
v 2.895576 -0.335646 -2.342153
v 2.895576 0.105979 -2.949999
v 2.895576 -1.050212 -2.109976
v 2.162143 -0.335646 -2.342153
v 2.162143 0.105979 -2.949999
v 2.162144 -1.050212 -2.109976
v 2.162144 -1.764778 -2.342152
v 2.162144 -2.206404 -2.949998
v 2.895576 -1.764778 -2.342152
v 2.895576 -2.206404 -2.949998
v 2.895576 -2.206404 -3.701337
v 2.895576 -1.878707 -3.056473
v 2.162144 -2.206404 -3.701337
v 2.162144 -1.764778 -4.309183
v 2.162143 0.105979 -3.701338
v 2.162143 -0.335647 -4.309184
v 2.895576 0.105979 -3.701338
v 2.895576 -0.221717 -3.594863
v 2.608470 -0.221717 -3.594863
v 2.608470 -0.812416 -3.402932
v 2.749059 -0.221717 -3.594863
v 2.749059 -0.538174 -4.030428
v 2.749059 -0.812416 -3.402932
v 2.608470 -0.812416 -3.248403
v 2.749059 -0.221717 -3.056473
v 2.608470 -0.903246 -3.527949
vn 1.0000 -0.0000 -0.0000
vn -0.0000 -0.3090 -0.9511
vn -0.0000 0.3090 -0.9511
vn -0.0000 -0.3090 0.9511
vn -0.0000 0.3090 0.9511
vn -0.0000 1.0000 -0.0000
vn -0.0000 -0.8090 -0.5878
vn -0.0000 -0.8090 0.5878
vn -0.0000 -1.0000 -0.0000
vn -0.0000 0.8090 0.5878
vn -0.0000 0.8090 -0.5878
vn -1.0000 -0.0000 -0.0000
vt 0.750000 0.490000
vt 0.851086 0.389133
vt 0.891068 0.444164
vt 0.900000 0.500000
vt 1.000000 1.000000
vt 1.000000 0.500000
vt 0.100000 0.500000
vt -0.000000 1.000000
vt 0.100000 1.000000
vt 0.648914 0.389133
vt 0.750000 0.421977
vt 0.750000 0.299361
vt 0.779014 0.289934
vt 0.720986 0.289934
vt 0.703055 0.234747
vt 0.796945 0.234747
vt 0.796945 0.265253
vt 0.913560 0.303144
vt 0.913560 0.196856
vt 0.779014 0.210066
vt 0.851086 0.110867
vt 0.750000 0.078023
vt 0.750000 0.200639
vt 0.720986 0.210066
vt 0.648914 0.110867
vt 0.586440 0.196856
vt 0.608932 0.055836
vt 0.521746 0.175836
vt 0.400000 0.500000
vt 0.300000 1.000000
vt 0.400000 1.000000
vt 0.500000 1.000000
vt 0.500000 0.500000
vt 0.391068 0.055836
vt 0.021746 0.324164
vt 0.250000 0.490000
vt 0.600000 1.000000
vt 0.600000 0.500000
vt 0.700000 1.000000
vt 0.700000 0.500000
vt 0.750000 0.010000
vt 0.978254 0.175836
vt 0.891068 0.055836
vt 0.800000 1.000000
vt 0.800000 0.500000
vt 0.978254 0.324164
vt 0.900000 1.000000
vt 0.200000 0.500000
vt 0.300000 0.500000
vt 0.200000 1.000000
vt 0.521746 0.324164
vt 0.608932 0.444164
vt 0.586440 0.303144
vt 0.703055 0.265253
vt -0.000000 0.500000
vt 0.391068 0.444164
vt 0.478254 0.324164
vt 0.478254 0.175836
vt 0.250000 0.010000
vt 0.108932 0.055836
vt 0.021746 0.175836
vt 0.108932 0.444164
s 1
usemtl Material.014
f 619/1233/218 625/1234/218 620/1235/218
f 620/1236/219 621/1237/219 619/1238/219
f 622/1239/220 621/1240/220 678/1241/220
f 619/1233/218 624/1242/218 623/1243/218
f 624/1242/221 626/1243/221 623/1243/221
f 623/1243/222 628/1234/222 625/1234/222
f 627/1242/218 629/1244/218 626/1243/218
f 626/1243/219 631/1234/219 628/1234/219
f 629/1244/223 630/1243/223 626/1243/223
f 631/1234/218 632/1244/218 634/1245/218
f 688/1246/220 632/1244/220 629/1244/220
f 655/1247/218 643/1248/218 634/1245/218
f 637/1249/224 634/1245/224 635/1249/224
f 628/1234/225 634/1245/225 636/1245/225
f 628/1234/218 637/1249/218 638/1250/218
f 637/1249/220 641/1250/220 638/1250/220
f 638/1250/226 642/1251/226 639/1251/226
f 640/1250/223 639/1251/223 674/1251/223
f 625/1234/227 638/1250/227 640/1250/227
f 641/1250/218 643/1248/218 642/1251/218
f 639/1251/222 643/1248/222 645/1248/222
f 645/1248/225 644/1252/225 646/1252/225
f 639/1251/218 646/1252/218 647/1253/218
f 647/1253/224 644/1252/224 650/1253/224
f 647/1253/221 651/1254/221 648/1254/221
f 649/1253/220 648/1254/220 662/1254/220
f 674/1251/228 647/1253/228 649/1253/228
f 651/1254/218 644/1252/218 652/1255/218
f 648/1254/223 652/1255/223 653/1255/223
f 653/1255/222 654/1256/222 657/1256/222
f 656/1257/218 655/1247/218 687/1258/218
f 657/1256/225 656/1257/225 658/1257/225
f 648/1254/218 657/1256/218 658/1257/218
f 658/1257/227 687/1258/227 659/1258/227
f 661/1258/224 658/1257/224 659/1258/224
f 662/1254/219 658/1257/219 660/1257/219
f 663/1259/218 661/1258/218 664/1260/218
f 663/1259/218 662/1254/218 660/1257/218
f 663/1261/227 667/1262/227 666/1263/227
f 663/1261/222 668/1264/222 665/1265/222
f 669/1266/229 677/1267/229 621/1268/229
f 665/1265/221 669/1269/221 671/1270/221
f 671/1270/225 670/1271/225 672/1272/225
f 665/1273/218 649/1253/218 662/1254/218
f 672/1274/218 649/1253/218 671/1275/218
f 672/1272/226 675/1276/226 673/1277/226
f 673/1278/218 674/1251/218 672/1274/218
f 620/1235/218 640/1250/218 673/1278/218
f 673/1277/224 676/1279/224 620/1236/224
f 679/1280/223 667/1262/223 664/1281/223
f 679/1280/228 678/1241/228 677/1282/228
f 679/1283/218 624/1242/218 622/1284/218
f 664/1260/218 680/1285/218 679/1283/218
f 680/1285/225 627/1242/225 624/1242/225
f 661/1258/226 681/1285/226 680/1285/226
f 627/1242/228 683/1285/228 684/1242/228
f 681/1285/218 686/1247/218 682/1286/218
f 682/1286/222 683/1285/222 681/1285/222
f 683/1285/218 633/1246/218 684/1242/218
f 686/1247/223 685/1286/223 682/1286/223
f 627/1242/224 633/1246/224 688/1246/224
f 686/1247/220 687/1258/220 655/1247/220
f 619/1233/218 623/1243/218 625/1234/218
f 620/1236/219 676/1279/219 621/1237/219
f 622/1239/220 619/1287/220 621/1240/220
f 619/1233/218 622/1284/218 624/1242/218
f 624/1242/221 627/1242/221 626/1243/221
f 623/1243/222 626/1243/222 628/1234/222
f 627/1242/218 688/1246/218 629/1244/218
f 626/1243/219 630/1243/219 631/1234/219
f 629/1244/223 632/1244/223 630/1243/223
f 631/1234/218 630/1243/218 632/1244/218
f 688/1246/220 633/1246/220 632/1244/220
f 634/1245/218 632/1244/218 633/1246/218
f 633/1246/218 685/1286/218 655/1247/218
f 655/1247/218 654/1256/218 652/1255/218
f 652/1255/218 644/1252/218 643/1248/218
f 643/1248/218 635/1249/218 634/1245/218
f 634/1245/218 633/1246/218 655/1247/218
f 655/1247/218 652/1255/218 643/1248/218
f 637/1249/224 636/1245/224 634/1245/224
f 628/1234/225 631/1234/225 634/1245/225
f 628/1234/218 636/1245/218 637/1249/218
f 637/1249/220 635/1249/220 641/1250/220
f 638/1250/226 641/1250/226 642/1251/226
f 640/1250/223 638/1250/223 639/1251/223
f 625/1234/227 628/1234/227 638/1250/227
f 641/1250/218 635/1249/218 643/1248/218
f 639/1251/222 642/1251/222 643/1248/222
f 645/1248/225 643/1248/225 644/1252/225
f 639/1251/218 645/1248/218 646/1252/218
f 647/1253/224 646/1252/224 644/1252/224
f 647/1253/221 650/1253/221 651/1254/221
f 649/1253/220 647/1253/220 648/1254/220
f 674/1251/228 639/1251/228 647/1253/228
f 651/1254/218 650/1253/218 644/1252/218
f 648/1254/223 651/1254/223 652/1255/223
f 653/1255/222 652/1255/222 654/1256/222
f 656/1257/218 654/1256/218 655/1247/218
f 657/1256/225 654/1256/225 656/1257/225
f 648/1254/218 653/1255/218 657/1256/218
f 658/1257/227 656/1257/227 687/1258/227
f 661/1258/224 660/1257/224 658/1257/224
f 662/1254/219 648/1254/219 658/1257/219
f 663/1259/218 660/1257/218 661/1258/218
f 663/1259/218 665/1273/218 662/1254/218
f 663/1261/227 664/1281/227 667/1262/227
f 663/1261/222 666/1263/222 668/1264/222
f 621/1268/229 676/1288/229 675/1289/229
f 675/1289/229 670/1290/229 669/1266/229
f 669/1266/229 668/1291/229 666/1292/229
f 666/1292/229 667/1293/229 677/1267/229
f 677/1267/229 678/1294/229 621/1268/229
f 621/1268/229 675/1289/229 669/1266/229
f 669/1266/229 666/1292/229 677/1267/229
f 665/1265/221 668/1264/221 669/1269/221
f 671/1270/225 669/1269/225 670/1271/225
f 665/1273/218 671/1275/218 649/1253/218
f 672/1274/218 674/1251/218 649/1253/218
f 672/1272/226 670/1271/226 675/1276/226
f 673/1278/218 640/1250/218 674/1251/218
f 620/1235/218 625/1234/218 640/1250/218
f 673/1277/224 675/1276/224 676/1279/224
f 679/1280/223 677/1282/223 667/1262/223
f 679/1280/228 622/1239/228 678/1241/228
f 679/1283/218 680/1285/218 624/1242/218
f 664/1260/218 661/1258/218 680/1285/218
f 680/1285/225 681/1285/225 627/1242/225
f 661/1258/226 659/1258/226 681/1285/226
f 627/1242/228 681/1285/228 683/1285/228
f 681/1285/218 659/1258/218 686/1247/218
f 682/1286/222 685/1286/222 683/1285/222
f 683/1285/218 685/1286/218 633/1246/218
f 686/1247/223 655/1247/223 685/1286/223
f 627/1242/224 684/1242/224 633/1246/224
f 686/1247/220 659/1258/220 687/1258/220
