# Blender 5.1.2
# www.blender.org
mtllib watertank.mtl
o water_tank
v -0.003375 13.834524 -3.701399
v -0.003375 13.973788 -3.701399
v 0.718743 13.834524 -3.630276
v 0.718743 13.973788 -3.630276
v 1.413111 13.834524 -3.419642
v 1.413111 13.973788 -3.419642
v 2.053043 13.834524 -3.077591
v 2.053043 13.973788 -3.077591
v 2.613949 13.834524 -2.617267
v 2.613949 13.973788 -2.617267
v 3.074273 13.834524 -2.056362
v 3.074273 13.973788 -2.056362
v 3.416324 13.834524 -1.416429
v 3.416324 13.973788 -1.416429
v 3.626958 13.834524 -0.722061
v 3.626958 13.973788 -0.722061
v 3.698080 13.834524 0.000057
v 3.698080 13.973788 0.000057
v 3.626958 13.834524 0.722175
v 3.626958 13.973788 0.722175
v 3.416324 13.834524 1.416542
v 3.416324 13.973788 1.416542
v 3.074273 13.834524 2.056475
v 3.074273 13.973788 2.056475
v 2.613949 13.834524 2.617381
v 2.613949 13.973788 2.617381
v 2.053043 13.834524 3.077705
v 2.053043 13.973788 3.077705
v 1.413110 13.834524 3.419756
v 1.413110 13.973788 3.419756
v 0.718742 13.834524 3.630390
v 0.718742 13.973788 3.630390
v -0.003376 13.834524 3.701512
v -0.003376 13.973788 3.701512
v -0.725495 13.834524 3.630389
v -0.725495 13.973788 3.630389
v -1.419863 13.834524 3.419755
v -1.419863 13.973788 3.419755
v -2.059796 13.834524 3.077703
v -2.059796 13.973788 3.077703
v -2.620701 13.834524 2.617380
v -2.620701 13.973788 2.617380
v -3.081024 13.834524 2.056473
v -3.081024 13.973788 2.056473
v -3.423075 13.834524 1.416540
v -3.423075 13.973788 1.416540
v -3.633709 13.834524 0.722172
v -3.633709 13.973788 0.722172
v -3.704831 13.834524 0.000053
v -3.704831 13.973788 0.000053
v -3.633708 13.834524 -0.722065
v -3.633708 13.973788 -0.722065
v -3.423072 13.834524 -1.416433
v -3.423072 13.973788 -1.416433
v -3.081020 13.834524 -2.056365
v -3.081020 13.973788 -2.056365
v -2.620696 13.834524 -2.617271
v -2.620696 13.973788 -2.617271
v -2.059789 13.834524 -3.077594
v -2.059789 13.973788 -3.077594
v -1.419856 13.834524 -3.419644
v -1.419856 13.973788 -3.419644
v -0.725488 13.834524 -3.630277
v -0.725488 13.973788 -3.630277
v -0.003375 13.919540 -2.126159
v -0.003375 17.228752 -2.126159
v 0.546930 13.919540 -2.053710
v 0.546930 17.228752 -2.053710
v 1.059733 13.919540 -1.841300
v 1.059733 17.228752 -1.841300
v 1.500086 13.919540 -1.503404
v 1.500086 17.228752 -1.503404
v 1.837981 13.919540 -1.063051
v 1.837981 17.228752 -1.063051
v 2.050391 13.919540 -0.550248
v 2.050391 17.228752 -0.550248
v 2.122840 13.919540 0.000057
v 2.122840 17.228752 0.000057
v 2.050391 13.919540 0.550362
v 2.050391 17.228752 0.550362
v 1.837982 13.919540 1.063164
v 1.837982 17.228752 1.063164
v 1.500086 13.919540 1.503518
v 1.500086 17.228752 1.503518
v 1.059733 13.919540 1.841413
v 1.059733 17.228752 1.841413
v 0.546931 13.919540 2.053823
v 0.546931 17.228752 2.053823
v -0.003374 13.919540 2.126272
v -0.003374 17.228752 2.126272
v -0.553679 13.919540 2.053823
v -0.553679 17.228752 2.053823
v -1.066482 13.919540 1.841414
v -1.066482 17.228752 1.841414
v -1.506836 13.919540 1.503519
v -1.506836 17.228752 1.503519
v -1.844731 13.919540 1.063165
v -1.844731 17.228752 1.063165
v -2.057141 13.919540 0.550363
v -2.057141 17.228752 0.550363
v -2.129591 13.919540 0.000058
v -2.129591 17.228752 0.000058
v -2.057142 13.919540 -0.550247
v -2.057142 17.228752 -0.550247
v -1.844732 13.919540 -1.063050
v -1.844732 17.228752 -1.063050
v -1.506837 13.919540 -1.503404
v -1.506837 17.228752 -1.503404
v -1.066484 13.919540 -1.841299
v -1.066484 17.228752 -1.841299
v -0.553682 13.919540 -2.053709
v -0.553682 17.228752 -2.053709
v 0.683860 17.183540 -2.564740
v -0.003375 17.183540 -2.655216
v 1.324261 17.183540 -2.299477
v 1.874187 17.183540 -1.877505
v 2.296159 17.183540 -1.327580
v 2.561422 17.183540 -0.687179
v 2.651898 17.183540 0.000057
v 2.561422 17.183540 0.687292
v 2.296159 17.183540 1.327693
v 1.874187 17.183540 1.877618
v 1.324262 17.183540 2.299590
v 0.683861 17.183540 2.564854
v -0.003374 17.183540 2.655330
v -0.690609 17.183540 2.564854
v -1.331011 17.183540 2.299591
v -1.880936 17.183540 1.877620
v -2.302909 17.183540 1.327694
v -2.568172 17.183540 0.687293
v -2.658648 17.183540 0.000058
v -2.568172 17.183540 -0.687177
v -2.302910 17.183540 -1.327579
v -1.880938 17.183540 -1.877504
v -1.331013 17.183540 -2.299476
v -0.690612 17.183540 -2.564740
v -0.003375 18.520828 0.000057
v -4.340784 0.476087 4.337465
v 4.334033 0.476087 4.337465
v -4.340784 0.476087 -4.337351
v 4.334033 0.476087 -4.337351
v -4.916643 -0.086727 -4.913211
v -4.916643 -0.086727 4.913324
v 4.909893 -0.086727 4.913324
v 4.909893 -0.086727 -4.913211
v 1.821601 9.659589 -2.098076
v 2.002276 9.674684 -2.096252
v 1.542682 12.722845 1.594649
v 1.836114 9.466061 -1.934079
v 2.016790 9.481155 -1.932255
v 1.557195 12.529316 1.758646
v 1.737871 12.544411 1.760470
v 1.723358 12.737940 1.596473
v -1.919483 9.770372 -1.941033
v 1.528769 12.691262 -1.672324
v -1.917706 9.784900 -2.121756
v 1.530546 12.705790 -1.853047
v -1.754873 9.577320 -1.954933
v 1.693379 12.498209 -1.686224
v -1.753095 9.591847 -2.135655
v 1.695157 12.512737 -1.866946
v -1.874154 9.647865 2.098128
v -2.054922 9.661813 2.096304
v -1.614675 12.712829 -1.594597
v -1.887439 9.454249 1.934131
v -2.068207 9.468197 1.932307
v -1.627959 12.519213 -1.758594
v -1.808728 12.533161 -1.760418
v -1.795443 12.726778 -1.596421
v 1.895203 9.782473 1.948804
v 1.893333 9.796988 2.129527
v -1.571511 12.681427 1.680095
v 1.731820 9.588381 1.962703
v 1.729950 9.602896 2.143425
v -1.734893 12.487334 1.693994
v -1.736763 12.501851 1.874717
v -1.573381 12.695943 1.860818
v 2.024383 8.727014 2.085818
v 2.022499 8.746385 2.266084
v -2.179984 5.116560 2.361816
v 1.859851 8.919334 2.063432
v 1.857967 8.938704 2.243699
v -2.344516 5.308880 2.339431
v -2.346400 5.328251 2.519697
v -2.181869 5.135931 2.542083
v -2.028980 8.722217 -2.050664
v -2.027225 8.743546 -2.230711
v 2.198280 5.141797 -2.365517
v -1.865675 8.915326 -2.026196
v -1.863920 8.936656 -2.206243
v 2.361585 5.334907 -2.341050
v 2.363340 5.356236 -2.521096
v 2.200035 5.163126 -2.545565
v 1.899409 8.850927 -2.227208
v 2.079614 8.870876 -2.225385
v 2.186899 4.960899 2.395422
v 1.876412 9.043696 -2.063286
v 2.056617 9.063644 -2.061464
v 2.163902 5.153668 2.559343
v 2.344106 5.173615 2.561166
v 2.367103 4.980848 2.397244
v -1.895386 8.838890 2.194370
v -2.075713 8.857696 2.192547
v -2.158191 4.947115 -2.428260
v -1.873612 9.031801 2.030448
v -2.053939 9.050606 2.028626
v -2.136417 5.140026 -2.592181
v -2.316745 5.158830 -2.594004
v -2.338519 4.965920 -2.430082
v 2.415964 4.672161 -2.631140
v 2.414178 4.660262 -2.450226
v -2.507767 0.640218 -2.979125
v 2.251359 4.865400 -2.620054
v 2.249573 4.853501 -2.439140
v -2.672372 0.833455 -2.968039
v -2.674159 0.821555 -2.787125
v -2.509554 0.628316 -2.798211
v -2.407796 4.656860 2.631256
v -2.405935 4.644971 2.450341
v 2.541416 0.656234 2.979240
v -2.244421 4.851138 2.620170
v -2.242559 4.839251 2.439255
v 2.704792 0.850513 2.968154
v 2.706654 0.838625 2.787239
v 2.543278 0.644345 2.798325
v -2.380078 4.634347 -2.603432
v -2.199127 4.623025 -2.601609
v -2.716311 0.594353 2.841602
v -2.369607 4.828141 -2.439441
v -2.188655 4.816820 -2.437617
v -2.705839 0.788146 3.005593
v -2.524887 0.776825 3.007417
v -2.535359 0.583031 2.843426
v 2.388389 4.649474 2.603546
v 2.207514 4.637005 2.601722
v 2.750245 0.611694 -2.841489
v 2.376689 4.843197 2.439554
v 2.195813 4.830727 2.437731
v 2.738544 0.805417 -3.005480
v 2.557667 0.792947 -3.007304
v 2.569369 0.599224 -2.843313
v -2.777744 0.236637 3.113177
v -1.736223 13.899664 1.813031
v -2.807146 0.236543 2.794240
v -1.765626 13.899570 1.494095
v -2.458584 0.237649 3.086206
v -1.417063 13.900677 1.786061
v -2.487987 0.237556 2.767269
v -1.446466 13.900583 1.467124
v 2.800900 0.254333 3.124845
v 1.678166 13.910494 1.820173
v 2.831636 0.254430 2.806034
v 1.708902 13.910592 1.501362
v 2.481855 0.253321 3.096539
v 1.359122 13.909483 1.791868
v 2.512592 0.253419 2.777728
v 1.389858 13.909581 1.473056
v -2.764697 0.236678 -3.124731
v -1.728624 13.899687 -1.820059
v -2.795433 0.236580 -2.805920
v -1.759361 13.899590 -1.501248
v -2.445653 0.237690 -3.096425
v -1.409580 13.900700 -1.791754
v -2.476389 0.237593 -2.777614
v -1.440317 13.900602 -1.472942
v 2.813946 0.254374 -3.113063
v 1.685764 13.910520 -1.812918
v 2.843349 0.254467 -2.794126
v 1.715167 13.910612 -1.493981
v 2.494787 0.253362 -3.086092
v 1.366605 13.909507 -1.785947
v 2.524190 0.253456 -2.767155
v 1.396008 13.909600 -1.467010
v -3.804750 14.030295 0.556390
v -3.804750 14.030295 -0.556281
v -3.804750 14.119994 0.556390
v -3.715051 14.030295 0.556390
v -3.715051 14.030295 -0.556281
v -3.715051 14.119994 0.556390
v -3.715051 14.119994 -0.556281
v -3.804750 14.119994 -0.556281
v -3.826651 0.301644 -0.499184
v -3.826651 14.381816 -0.499184
v -3.826651 0.301644 -0.612406
v -3.826651 14.381816 -0.612406
v -3.698020 0.301644 -0.499184
v -3.698020 14.293109 -0.499184
v -3.698020 0.301644 -0.612406
v -3.698020 14.293109 -0.612406
v -3.340761 14.463285 -0.499184
v -3.340761 14.463285 -0.612406
v -3.380290 14.361392 -0.612406
v -3.380290 14.361392 -0.499184
v -3.826651 0.301644 0.499298
v -3.826651 14.381816 0.499298
v -3.826651 0.301644 0.612520
v -3.826651 14.381816 0.612520
v -3.698020 0.301644 0.499298
v -3.698020 14.293109 0.499298
v -3.698020 0.301644 0.612520
v -3.698020 14.293109 0.612520
v -3.340761 14.463285 0.499298
v -3.340761 14.463285 0.612520
v -3.380290 14.361392 0.612520
v -3.380290 14.361392 0.499298
v -3.804750 1.113771 0.556390
v -3.804750 1.113771 -0.556281
v -3.804750 1.203469 0.556390
v -3.715051 1.113771 0.556390
v -3.715051 1.113771 -0.556281
v -3.715051 1.203469 0.556390
v -3.715051 1.203469 -0.556281
v -3.804750 1.203469 -0.556281
v -3.804750 1.831355 0.556390
v -3.804750 1.831355 -0.556281
v -3.804750 1.921054 0.556390
v -3.715051 1.831355 0.556390
v -3.715051 1.831355 -0.556281
v -3.715051 1.921054 0.556390
v -3.715051 1.921054 -0.556281
v -3.804750 1.921054 -0.556281
v -3.804750 2.548940 0.556390
v -3.804750 2.548940 -0.556281
v -3.804750 2.638638 0.556390
v -3.715051 2.548940 0.556390
v -3.715051 2.548940 -0.556281
v -3.715051 2.638638 0.556390
v -3.715051 2.638638 -0.556281
v -3.804750 2.638638 -0.556281
v -3.804750 3.266525 0.556390
v -3.804750 3.266525 -0.556281
v -3.804750 3.356224 0.556390
v -3.715051 3.266525 0.556390
v -3.715051 3.266525 -0.556281
v -3.715051 3.356224 0.556390
v -3.715051 3.356224 -0.556281
v -3.804750 3.356224 -0.556281
v -3.804750 3.984110 0.556390
v -3.804750 3.984110 -0.556281
v -3.804750 4.073808 0.556390
v -3.715051 3.984110 0.556390
v -3.715051 3.984110 -0.556281
v -3.715051 4.073808 0.556390
v -3.715051 4.073808 -0.556281
v -3.804750 4.073808 -0.556281
v -3.804750 4.701694 0.556390
v -3.804750 4.701694 -0.556281
v -3.804750 4.791392 0.556390
v -3.715051 4.701694 0.556390
v -3.715051 4.701694 -0.556281
v -3.715051 4.791392 0.556390
v -3.715051 4.791392 -0.556281
v -3.804750 4.791392 -0.556281
v -3.804750 5.419279 0.556390
v -3.804750 5.419279 -0.556281
v -3.804750 5.508977 0.556390
v -3.715051 5.419279 0.556390
v -3.715051 5.419279 -0.556281
v -3.715051 5.508977 0.556390
v -3.715051 5.508977 -0.556281
v -3.804750 5.508977 -0.556281
v -3.804750 6.136864 0.556390
v -3.804750 6.136864 -0.556281
v -3.804750 6.226562 0.556390
v -3.715051 6.136864 0.556390
v -3.715051 6.136864 -0.556281
v -3.715051 6.226562 0.556390
v -3.715051 6.226562 -0.556281
v -3.804750 6.226562 -0.556281
v -3.804750 6.854449 0.556390
v -3.804750 6.854449 -0.556281
v -3.804750 6.944147 0.556390
v -3.715051 6.854449 0.556390
v -3.715051 6.854449 -0.556281
v -3.715051 6.944147 0.556390
v -3.715051 6.944147 -0.556281
v -3.804750 6.944147 -0.556281
v -3.804750 7.572033 0.556390
v -3.804750 7.572033 -0.556281
v -3.804750 7.661731 0.556390
v -3.715051 7.572033 0.556390
v -3.715051 7.572033 -0.556281
v -3.715051 7.661731 0.556390
v -3.715051 7.661731 -0.556281
v -3.804750 7.661731 -0.556281
v -3.804750 8.289618 0.556390
v -3.804750 8.289618 -0.556281
v -3.804750 8.379316 0.556390
v -3.715051 8.289618 0.556390
v -3.715051 8.289618 -0.556281
v -3.715051 8.379316 0.556390
v -3.715051 8.379316 -0.556281
v -3.804750 8.379316 -0.556281
v -3.804750 9.007202 0.556390
v -3.804750 9.007202 -0.556281
v -3.804750 9.096900 0.556390
v -3.715051 9.007202 0.556390
v -3.715051 9.007202 -0.556281
v -3.715051 9.096900 0.556390
v -3.715051 9.096900 -0.556281
v -3.804750 9.096900 -0.556281
v -3.804750 9.724787 0.556390
v -3.804750 9.724787 -0.556281
v -3.804750 9.814486 0.556390
v -3.715051 9.724787 0.556390
v -3.715051 9.724787 -0.556281
v -3.715051 9.814486 0.556390
v -3.715051 9.814486 -0.556281
v -3.804750 9.814486 -0.556281
v -3.804750 10.442372 0.556390
v -3.804750 10.442372 -0.556281
v -3.804750 10.532069 0.556390
v -3.715051 10.442372 0.556390
v -3.715051 10.442372 -0.556281
v -3.715051 10.532069 0.556390
v -3.715051 10.532069 -0.556281
v -3.804750 10.532069 -0.556281
v -3.804750 11.159957 0.556390
v -3.804750 11.159957 -0.556281
v -3.804750 11.249655 0.556390
v -3.715051 11.159957 0.556390
v -3.715051 11.159957 -0.556281
v -3.715051 11.249655 0.556390
v -3.715051 11.249655 -0.556281
v -3.804750 11.249655 -0.556281
v -3.804750 11.877542 0.556390
v -3.804750 11.877542 -0.556281
v -3.804750 11.967239 0.556390
v -3.715051 11.877542 0.556390
v -3.715051 11.877542 -0.556281
v -3.715051 11.967239 0.556390
v -3.715051 11.967239 -0.556281
v -3.804750 11.967239 -0.556281
v -3.804750 12.595127 0.556390
v -3.804750 12.595127 -0.556281
v -3.804750 12.684824 0.556390
v -3.715051 12.595127 0.556390
v -3.715051 12.595127 -0.556281
v -3.715051 12.684824 0.556390
v -3.715051 12.684824 -0.556281
v -3.804750 12.684824 -0.556281
v -3.804750 13.312711 0.556390
v -3.804750 13.312711 -0.556281
v -3.804750 13.402410 0.556390
v -3.715051 13.312711 0.556390
v -3.715051 13.312711 -0.556281
v -3.715051 13.402410 0.556390
v -3.715051 13.402410 -0.556281
v -3.804750 13.402410 -0.556281
v -0.003375 14.271411 -3.525937
v -0.691262 14.271411 -3.458186
v -1.352715 14.271411 -3.257536
v -1.962312 14.271411 -2.931700
v -2.496629 14.271411 -2.493197
v -2.935132 14.271411 -1.958880
v -3.260968 14.271411 -1.349282
v -3.260969 14.271411 1.349396
v -2.935132 14.271411 1.958994
v -2.496629 14.271411 2.493310
v -1.962312 14.271411 2.931813
v -1.352714 14.271411 3.257650
v -0.691262 14.271411 3.458299
v -0.003374 14.271411 3.526050
v 0.684513 14.271411 3.458299
v 1.345966 14.271411 3.257649
v 1.955563 14.271411 2.931812
v 2.489880 14.271411 2.493309
v 2.928383 14.271411 1.958992
v 3.254219 14.271411 1.349393
v 3.454868 14.271411 0.687941
v 3.522618 14.271411 0.000053
v 3.454867 14.271411 -0.687834
v 3.254216 14.271411 -1.349286
v 2.928379 14.271411 -1.958884
v 2.489876 14.271411 -2.493200
v 1.955558 14.271411 -2.931702
v 1.345959 14.271411 -3.257538
v 0.684507 14.271411 -3.458186
v 0.006884 14.269909 -3.471708
v -0.670424 14.269909 -3.404999
v -1.321704 14.269909 -3.207436
v -1.921925 14.269909 -2.886610
v -2.448025 14.269909 -2.454852
v -2.879784 14.269909 -1.928752
v -3.200609 14.269909 -1.328530
v -3.200609 14.269909 1.328643
v -2.879784 14.269909 1.928866
v -2.448025 14.269909 2.454965
v -1.921925 14.269909 2.886724
v -1.321703 14.269909 3.207550
v -0.670423 14.269909 3.405113
v 0.006885 14.269909 3.471822
v 0.684193 14.269909 3.405113
v 1.335472 14.269909 3.207549
v 1.935694 14.269909 2.886723
v 2.461794 14.269909 2.454964
v 2.893552 14.269909 1.928864
v 3.214377 14.269909 1.328641
v 3.411940 14.269909 0.677362
v 3.478649 14.269909 0.000053
v 3.411939 14.269909 -0.677254
v 3.214375 14.269909 -1.328534
v 2.893548 14.269909 -1.928756
v 2.461789 14.269909 -2.454854
v 1.935689 14.269909 -2.886613
v 1.335466 14.269909 -3.207438
v 0.684186 14.269909 -3.405000
v -0.691262 14.340763 -3.458186
v -0.003375 14.340763 -3.525937
v -1.352715 14.340763 -3.257536
v -1.962312 14.340763 -2.931700
v -2.496629 14.340763 -2.493197
v -2.935132 14.340763 -1.958880
v -3.260968 14.340763 -1.349282
v -2.935132 14.340763 1.958994
v -3.260969 14.340763 1.349396
v -2.496629 14.340763 2.493310
v -1.962312 14.340763 2.931813
v -1.352714 14.340763 3.257650
v -0.691262 14.340763 3.458299
v -0.003374 14.340763 3.526050
v 0.684513 14.340763 3.458299
v 1.345966 14.340763 3.257649
v 1.955563 14.340763 2.931812
v 2.489880 14.340763 2.493309
v 2.928383 14.340763 1.958992
v 3.254219 14.340763 1.349393
v 3.454868 14.340763 0.687941
v 3.522618 14.340763 0.000053
v 3.454867 14.340763 -0.687834
v 3.254216 14.340763 -1.349286
v 2.928379 14.340763 -1.958884
v 2.489876 14.340763 -2.493200
v 1.955558 14.340763 -2.931702
v 1.345959 14.340763 -3.257538
v 0.684507 14.340763 -3.458186
v -0.670424 14.342265 -3.404999
v 0.006884 14.342265 -3.471708
v -1.321704 14.342265 -3.207436
v -1.921925 14.342265 -2.886610
v -2.448025 14.342265 -2.454852
v -2.879784 14.342265 -1.928752
v -3.200609 14.342265 -1.328530
v -2.879784 14.342265 1.928866
v -3.200609 14.342265 1.328643
v -2.448025 14.342265 2.454965
v -1.921925 14.342265 2.886724
v -1.321703 14.342265 3.207550
v -0.670423 14.342265 3.405113
v 0.006885 14.342265 3.471822
v 0.684193 14.342265 3.405113
v 1.335472 14.342265 3.207549
v 1.935694 14.342265 2.886723
v 2.461794 14.342265 2.454964
v 2.893552 14.342265 1.928864
v 3.214377 14.342265 1.328641
v 3.411940 14.342265 0.677362
v 3.478649 14.342265 0.000053
v 3.411939 14.342265 -0.677254
v 3.214375 14.342265 -1.328534
v 2.893548 14.342265 -1.928756
v 2.461789 14.342265 -2.454854
v 1.935689 14.342265 -2.886613
v 1.335466 14.342265 -3.207438
v 0.684186 14.342265 -3.405000
v -0.003375 15.121897 -3.525937
v -0.691262 15.121897 -3.458186
v -1.352715 15.121897 -3.257536
v -1.962312 15.121897 -2.931700
v -2.496629 15.121897 -2.493197
v -2.935132 15.121897 -1.958880
v -3.260968 15.121897 -1.349282
v -3.260969 15.121897 1.349396
v -2.935132 15.121897 1.958994
v -2.496629 15.121897 2.493310
v -1.962312 15.121897 2.931813
v -1.352714 15.121897 3.257650
v -0.691262 15.121897 3.458299
v -0.003374 15.121897 3.526050
v 0.684513 15.121897 3.458299
v 1.345966 15.121897 3.257649
v 1.955563 15.121897 2.931812
v 2.489880 15.121897 2.493309
v 2.928383 15.121897 1.958992
v 3.254219 15.121897 1.349393
v 3.454868 15.121897 0.687941
v 3.522618 15.121897 0.000053
v 3.454867 15.121897 -0.687834
v 3.254216 15.121897 -1.349286
v 2.928379 15.121897 -1.958884
v 2.489876 15.121897 -2.493200
v 1.955558 15.121897 -2.931702
v 1.345959 15.121897 -3.257538
v 0.684507 15.121897 -3.458186
v 0.006884 15.120396 -3.471708
v -0.670424 15.120396 -3.404999
v -1.321704 15.120396 -3.207436
v -1.921925 15.120396 -2.886610
v -2.448025 15.120396 -2.454852
v -2.879784 15.120396 -1.928752
v -3.200609 15.120396 -1.328530
v -3.200609 15.120396 1.328643
v -2.879784 15.120396 1.928866
v -2.448025 15.120396 2.454965
v -1.921925 15.120396 2.886724
v -1.321703 15.120396 3.207550
v -0.670423 15.120396 3.405113
v 0.006885 15.120396 3.471822
v 0.684193 15.120396 3.405113
v 1.335472 15.120396 3.207549
v 1.935694 15.120396 2.886723
v 2.461794 15.120396 2.454964
v 2.893552 15.120396 1.928864
v 3.214377 15.120396 1.328641
v 3.411940 15.120396 0.677362
v 3.478649 15.120396 0.000053
v 3.411939 15.120396 -0.677254
v 3.214375 15.120396 -1.328534
v 2.893548 15.120396 -1.928756
v 2.461789 15.120396 -2.454854
v 1.935689 15.120396 -2.886613
v 1.335466 15.120396 -3.207438
v 0.684186 15.120396 -3.405000
v -0.691262 15.191249 -3.458186
v -0.003375 15.191249 -3.525937
v -1.352715 15.191249 -3.257536
v -1.962312 15.191249 -2.931700
v -2.496629 15.191249 -2.493197
v -2.935132 15.191249 -1.958880
v -3.260968 15.191249 -1.349282
v -2.935132 15.191249 1.958994
v -3.260969 15.191249 1.349396
v -2.496629 15.191249 2.493310
v -1.962312 15.191249 2.931813
v -1.352714 15.191249 3.257650
v -0.691262 15.191249 3.458299
v -0.003374 15.191249 3.526050
v 0.684513 15.191249 3.458299
v 1.345966 15.191249 3.257649
v 1.955563 15.191249 2.931812
v 2.489880 15.191249 2.493309
v 2.928383 15.191249 1.958992
v 3.254219 15.191249 1.349393
v 3.454868 15.191249 0.687941
v 3.522618 15.191249 0.000053
v 3.454867 15.191249 -0.687834
v 3.254216 15.191249 -1.349286
v 2.928379 15.191249 -1.958884
v 2.489876 15.191249 -2.493200
v 1.955558 15.191249 -2.931702
v 1.345959 15.191249 -3.257538
v 0.684507 15.191249 -3.458186
v -0.670424 15.192750 -3.404999
v 0.006884 15.192750 -3.471708
v -1.321704 15.192750 -3.207436
v -1.921925 15.192750 -2.886610
v -2.448025 15.192750 -2.454852
v -2.879784 15.192750 -1.928752
v -3.200609 15.192750 -1.328530
v -2.879784 15.192750 1.928866
v -3.200609 15.192750 1.328643
v -2.448025 15.192750 2.454965
v -1.921925 15.192750 2.886724
v -1.321703 15.192750 3.207550
v -0.670423 15.192750 3.405113
v 0.006885 15.192750 3.471822
v 0.684193 15.192750 3.405113
v 1.335472 15.192750 3.207549
v 1.935694 15.192750 2.886723
v 2.461794 15.192750 2.454964
v 2.893552 15.192750 1.928864
v 3.214377 15.192750 1.328641
v 3.411940 15.192750 0.677362
v 3.478649 15.192750 0.000053
v 3.411939 15.192750 -0.677254
v 3.214375 15.192750 -1.328534
v 2.893548 15.192750 -1.928756
v 2.461789 15.192750 -2.454854
v 1.935689 15.192750 -2.886613
v 1.335466 15.192750 -3.207438
v 0.684186 15.192750 -3.405000
v -0.003375 14.696653 -3.525937
v -0.691262 14.696653 -3.458186
v -1.352715 14.696653 -3.257536
v -1.962312 14.696653 -2.931700
v -2.496629 14.696653 -2.493197
v -2.935132 14.696653 -1.958880
v -3.260968 14.696653 -1.349282
v -3.260969 14.696653 1.349396
v -2.935132 14.696653 1.958994
v -2.496629 14.696653 2.493310
v -1.962312 14.696653 2.931813
v -1.352714 14.696653 3.257650
v -0.691262 14.696653 3.458299
v -0.003374 14.696653 3.526050
v 0.684513 14.696653 3.458299
v 1.345966 14.696653 3.257649
v 1.955563 14.696653 2.931812
v 2.489880 14.696653 2.493309
v 2.928383 14.696653 1.958992
v 3.254219 14.696653 1.349393
v 3.454868 14.696653 0.687941
v 3.522618 14.696653 0.000053
v 3.454867 14.696653 -0.687834
v 3.254216 14.696653 -1.349286
v 2.928379 14.696653 -1.958884
v 2.489876 14.696653 -2.493200
v 1.955558 14.696653 -2.931702
v 1.345959 14.696653 -3.257538
v 0.684507 14.696653 -3.458186
v 0.006884 14.695152 -3.471708
v -0.670424 14.695152 -3.404999
v -1.321704 14.695152 -3.207436
v -1.921925 14.695152 -2.886610
v -2.448025 14.695152 -2.454852
v -2.879784 14.695152 -1.928752
v -3.200609 14.695152 -1.328530
v -3.200609 14.695152 1.328643
v -2.879784 14.695152 1.928866
v -2.448025 14.695152 2.454965
v -1.921925 14.695152 2.886724
v -1.321703 14.695152 3.207550
v -0.670423 14.695152 3.405113
v 0.006885 14.695152 3.471822
v 0.684193 14.695152 3.405113
v 1.335472 14.695152 3.207549
v 1.935694 14.695152 2.886723
v 2.461794 14.695152 2.454964
v 2.893552 14.695152 1.928864
v 3.214377 14.695152 1.328641
v 3.411940 14.695152 0.677362
v 3.478649 14.695152 0.000053
v 3.411939 14.695152 -0.677254
v 3.214375 14.695152 -1.328534
v 2.893548 14.695152 -1.928756
v 2.461789 14.695152 -2.454854
v 1.935689 14.695152 -2.886613
v 1.335466 14.695152 -3.207438
v 0.684186 14.695152 -3.405000
v -0.691262 14.766006 -3.458186
v -0.003375 14.766006 -3.525937
v -1.352715 14.766006 -3.257536
v -1.962312 14.766006 -2.931700
v -2.496629 14.766006 -2.493197
v -2.935132 14.766006 -1.958880
v -3.260968 14.766006 -1.349282
v -2.935132 14.766006 1.958994
v -3.260969 14.766006 1.349396
v -2.496629 14.766006 2.493310
v -1.962312 14.766006 2.931813
v -1.352714 14.766006 3.257650
v -0.691262 14.766006 3.458299
v -0.003374 14.766006 3.526050
v 0.684513 14.766006 3.458299
v 1.345966 14.766006 3.257649
v 1.955563 14.766006 2.931812
v 2.489880 14.766006 2.493309
v 2.928383 14.766006 1.958992
v 3.254219 14.766006 1.349393
v 3.454868 14.766006 0.687941
v 3.522618 14.766006 0.000053
v 3.454867 14.766006 -0.687834
v 3.254216 14.766006 -1.349286
v 2.928379 14.766006 -1.958884
v 2.489876 14.766006 -2.493200
v 1.955558 14.766006 -2.931702
v 1.345959 14.766006 -3.257538
v 0.684507 14.766006 -3.458186
v -0.670424 14.767508 -3.404999
v 0.006884 14.767508 -3.471708
v -1.321704 14.767508 -3.207436
v -1.921925 14.767508 -2.886610
v -2.448025 14.767508 -2.454852
v -2.879784 14.767508 -1.928752
v -3.200609 14.767508 -1.328530
v -2.879784 14.767508 1.928866
v -3.200609 14.767508 1.328643
v -2.448025 14.767508 2.454965
v -1.921925 14.767508 2.886724
v -1.321703 14.767508 3.207550
v -0.670423 14.767508 3.405113
v 0.006885 14.767508 3.471822
v 0.684193 14.767508 3.405113
v 1.335472 14.767508 3.207549
v 1.935694 14.767508 2.886723
v 2.461794 14.767508 2.454964
v 2.893552 14.767508 1.928864
v 3.214377 14.767508 1.328641
v 3.411940 14.767508 0.677362
v 3.478649 14.767508 0.000053
v 3.411939 14.767508 -0.677254
v 3.214375 14.767508 -1.328534
v 2.893548 14.767508 -1.928756
v 2.461789 14.767508 -2.454854
v 1.935689 14.767508 -2.886613
v 1.335466 14.767508 -3.207438
v 0.684186 14.767508 -3.405000
v -3.243902 13.933154 -1.419033
v -3.243902 15.248916 -1.419033
v -3.192705 13.933154 -1.513288
v -3.192705 15.248916 -1.513288
v -3.149647 13.933154 -1.367835
v -3.149647 15.248916 -1.367835
v -3.098450 13.933154 -1.462091
v -3.098450 15.248916 -1.462091
v -2.184038 13.933154 -2.785539
v -2.184038 15.248916 -2.785539
v -2.094279 13.933154 -2.844263
v -2.094279 15.248916 -2.844263
v -2.125313 13.933154 -2.695780
v -2.125313 15.248916 -2.695780
v -2.035554 13.933154 -2.754505
v -2.035554 15.248916 -2.754505
v -0.603063 13.933154 -3.486374
v -0.603063 15.248916 -3.486374
v -0.496193 13.933154 -3.495536
v -0.496193 15.248916 -3.495536
v -0.593902 13.933154 -3.379504
v -0.593902 15.248916 -3.379504
v -0.487031 13.933154 -3.388665
v -0.487031 15.248916 -3.388665
v 1.121218 13.933154 -3.354063
v 1.121218 15.248916 -3.354063
v 1.219662 13.933154 -3.311471
v 1.219662 15.248916 -3.311471
v 1.078626 13.933154 -3.255620
v 1.078626 15.248916 -3.255620
v 1.177070 13.933154 -3.213027
v 1.177070 15.248916 -3.213027
v 2.576756 13.933154 -2.420222
v 2.576756 15.248916 -2.420222
v 2.643248 13.933154 -2.336055
v 2.643248 15.248916 -2.336055
v 2.492589 13.933154 -2.353730
v 2.492589 15.248916 -2.353730
v 2.559081 13.933154 -2.269563
v 2.559081 15.248916 -2.269563
v 3.415724 13.933154 -0.908011
v 3.415724 15.248916 -0.908011
v 3.434375 13.933154 -0.802382
v 3.434375 15.248916 -0.802382
v 3.310096 13.933154 -0.889360
v 3.310096 15.248916 -0.889360
v 3.328746 13.933154 -0.783731
v 3.328746 15.248916 -0.783731
v 3.437635 13.933154 0.821201
v 3.437635 15.248916 0.821201
v 3.403988 13.933154 0.923049
v 3.403988 15.248916 0.923049
v 3.335787 13.933154 0.787553
v 3.335787 15.248916 0.787553
v 3.302139 13.933154 0.889402
v 3.302139 15.248916 0.889402
v 2.637252 13.933154 2.354184
v 2.637252 15.248916 2.354184
v 2.559347 13.933154 2.427914
v 2.559347 15.248916 2.427914
v 2.563522 13.933154 2.276279
v 2.563522 15.248916 2.276279
v 2.485618 13.933154 2.350008
v 2.485618 15.248916 2.350008
v 1.205842 13.933154 3.324605
v 1.205842 15.248916 3.324605
v 1.102296 13.933154 3.352597
v 1.102296 15.248916 3.352597
v 1.177851 13.933154 3.221059
v 1.177851 15.248916 3.221059
v 1.074305 13.933154 3.249051
v 1.074305 15.248916 3.249051
v -0.514533 13.933154 3.500563
v -0.514533 15.248916 3.500563
v -0.618975 13.933154 3.476128
v -0.618975 15.248916 3.476128
v -0.490097 13.933154 3.396122
v -0.490097 15.248916 3.396122
v -0.594540 13.933154 3.371686
v -0.594540 15.248916 3.371686
v -2.112757 13.933154 2.840010
v -2.112757 15.248916 2.840010
v -2.193137 13.933154 2.768987
v -2.193137 15.248916 2.768987
v -2.041734 13.933154 2.759630
v -2.041734 15.248916 2.759630
v -2.122114 13.933154 2.688607
v -2.122114 15.248916 2.688607
v -3.206905 13.933154 1.500798
v -3.206905 15.248916 1.500798
v -3.244015 13.933154 1.400159
v -3.244015 15.248916 1.400159
v -3.106267 13.933154 1.463688
v -3.106267 15.248916 1.463688
v -3.143377 13.933154 1.363049
v -3.143377 15.248916 1.363049
v -0.000000 -0.006513 -0.410913
v -0.000000 14.323021 -0.433495
v 0.205457 -0.006513 -0.355861
v 0.216748 14.323021 -0.375418
v 0.355861 -0.006513 -0.205457
v 0.375418 14.323021 -0.216748
v 0.410913 -0.006513 0.000000
v 0.433495 14.323021 0.000000
v 0.355861 -0.006513 0.205457
v 0.375418 14.323021 0.216748
v 0.205457 -0.006513 0.355862
v 0.216748 14.323021 0.375418
v 0.000000 -0.006513 0.410913
v 0.000000 14.323021 0.433495
v -0.205457 -0.006513 0.355862
v -0.216748 14.323021 0.375418
v -0.355861 -0.006513 0.205457
v -0.375418 14.323021 0.216748
v -0.410913 -0.006513 0.000000
v -0.433495 14.323021 0.000000
v -0.355862 -0.006513 -0.205456
v -0.375418 14.323021 -0.216747
v -0.205457 -0.006513 -0.355861
v -0.216748 14.323021 -0.375418
v -0.000000 13.572805 -0.433495
v -0.000000 13.553757 -0.380186
v 0.190093 13.553757 -0.329251
v 0.216748 13.572805 -0.375418
v 0.329251 13.553757 -0.190093
v 0.375418 13.572805 -0.216748
v 0.380186 13.553757 0.000000
v 0.433495 13.572805 0.000000
v 0.329251 13.553757 0.190093
v 0.375418 13.572805 0.216748
v 0.190093 13.553757 0.329251
v 0.216748 13.572805 0.375418
v 0.000000 13.553757 0.380187
v 0.000000 13.572805 0.433495
v -0.190093 13.553757 0.329251
v -0.216748 13.572805 0.375418
v -0.329251 13.553757 0.190094
v -0.375418 13.572805 0.216748
v -0.380187 13.553757 0.000000
v -0.433495 13.572805 0.000000
v -0.329251 13.553757 -0.190093
v -0.375418 13.572805 -0.216747
v -0.190094 13.553757 -0.329251
v -0.216748 13.572805 -0.375418
v -0.329251 0.898637 -0.190093
v -0.355862 0.885163 -0.205456
v -0.380187 0.898637 0.000000
v -0.410913 0.885163 0.000000
v -0.355861 0.885163 0.205457
v -0.329251 0.898637 0.190094
v -0.190093 0.898637 0.329251
v -0.205457 0.885163 0.355862
v 0.000000 0.898637 0.380187
v 0.000000 0.885163 0.410913
v 0.205457 0.885163 0.355862
v 0.190093 0.898637 0.329251
v 0.329251 0.898637 0.190093
v 0.355861 0.885163 0.205457
v 0.380186 0.898637 0.000000
v 0.410913 0.885163 0.000000
v 0.355861 0.885163 -0.205457
v 0.329251 0.898637 -0.190093
v -0.190094 0.898637 -0.329251
v -0.205457 0.885163 -0.355861
v 0.190093 0.898637 -0.329251
v 0.205457 0.885163 -0.355861
v -0.000000 0.885163 -0.410913
v -0.000000 0.898637 -0.380186
vn -0.0000 -0.0000 -1.0000
vn 0.1951 -0.0000 -0.9808
vn 0.3827 -0.0000 -0.9239
vn 0.5556 -0.0000 -0.8315
vn 0.7071 -0.0000 -0.7071
vn 0.8315 -0.0000 -0.5556
vn 0.9239 -0.0000 -0.3827
vn 0.9808 -0.0000 -0.1951
vn 1.0000 -0.0000 -0.0000
vn 0.9808 -0.0000 0.1951
vn 0.9239 -0.0000 0.3827
vn 0.8315 -0.0000 0.5556
vn 0.7071 -0.0000 0.7071
vn 0.5556 -0.0000 0.8315
vn 0.3827 -0.0000 0.9239
vn 0.1951 -0.0000 0.9808
vn -0.0000 -0.0000 1.0000
vn -0.1951 -0.0000 0.9808
vn -0.3827 -0.0000 0.9239
vn -0.5556 -0.0000 0.8315
vn -0.7071 -0.0000 0.7071
vn -0.8315 -0.0000 0.5556
vn -0.9239 -0.0000 0.3827
vn -0.9808 -0.0000 0.1951
vn -1.0000 -0.0000 -0.0000
vn -0.9808 -0.0000 -0.1951
vn -0.9239 -0.0000 -0.3827
vn -0.8315 -0.0000 -0.5556
vn -0.7071 -0.0000 -0.7071
vn -0.5556 -0.0000 -0.8315
vn -0.3827 -0.0000 -0.9239
vn -0.0000 1.0000 -0.0000
vn -0.1951 -0.0000 -0.9808
vn -0.0000 -1.0000 -0.0000
vn 0.2588 -0.0000 -0.9659
vn 0.5000 -0.0000 -0.8660
vn 0.8660 -0.0000 -0.5000
vn 0.9659 -0.0000 -0.2588
vn 0.9659 -0.0000 0.2588
vn 0.8660 -0.0000 0.5000
vn 0.5000 -0.0000 0.8660
vn 0.2588 -0.0000 0.9659
vn -0.2588 -0.0000 0.9659
vn -0.5000 -0.0000 0.8660
vn -0.8660 -0.0000 0.5000
vn -0.9659 -0.0000 0.2588
vn -0.9659 -0.0000 -0.2588
vn -0.8660 -0.0000 -0.5000
vn -0.5000 -0.0000 -0.8660
vn -0.0220 -0.9964 0.0822
vn -0.0426 -0.9964 0.0737
vn -0.2588 -0.0000 -0.9659
vn -0.3181 0.8931 0.3181
vn -0.2249 0.8931 0.3895
vn -0.0851 -0.9964 -0.0000
vn -0.0822 -0.9964 -0.0220
vn -0.0220 -0.9964 -0.0822
vn -0.0000 -0.9964 -0.0851
vn 0.0822 -0.9964 -0.0220
vn 0.0737 -0.9964 -0.0426
vn 0.0602 -0.9964 0.0602
vn 0.0426 -0.9964 0.0737
vn -0.0737 -0.9964 0.0426
vn -0.0822 -0.9964 0.0220
vn -0.0602 -0.9964 -0.0602
vn -0.0426 -0.9964 -0.0737
vn 0.0602 -0.9964 -0.0602
vn 0.0426 -0.9964 -0.0737
vn 0.0737 -0.9964 0.0426
vn 0.0822 -0.9964 0.0220
vn -0.0602 -0.9964 0.0602
vn -0.0737 -0.9964 -0.0426
vn -0.0000 -0.9964 0.0851
vn 0.0220 -0.9964 -0.0822
vn 0.0851 -0.9964 -0.0000
vn 0.0220 -0.9964 0.0822
vn 0.3895 0.8931 0.2249
vn 0.4345 0.8931 0.1164
vn -0.1164 0.8931 -0.4345
vn -0.2249 0.8931 -0.3895
vn 0.1164 0.8931 -0.4345
vn -0.0000 0.8931 -0.4498
vn -0.3895 0.8931 0.2249
vn 0.3181 0.8931 0.3181
vn 0.2249 0.8931 -0.3895
vn -0.4345 0.8931 0.1164
vn 0.2249 0.8931 0.3895
vn 0.3181 0.8931 -0.3181
vn -0.4498 0.8931 -0.0000
vn 0.1164 0.8931 0.4345
vn 0.3895 0.8931 -0.2249
vn -0.4345 0.8931 -0.1164
vn -0.0000 0.8931 0.4498
vn 0.4345 0.8931 -0.1164
vn -0.3895 0.8931 -0.2249
vn -0.1164 0.8931 0.4345
vn 0.4498 0.8931 -0.0000
vn -0.3181 0.8931 -0.3181
vn -0.0000 0.7152 -0.6990
vn -0.0000 0.7152 0.6990
vn 0.6990 0.7152 -0.0000
vn -0.6990 0.7152 -0.0000
vn -0.0576 0.7662 -0.6400
vn -0.9967 -0.0813 -0.0078
vn 0.0576 -0.7662 0.6400
vn 0.9967 0.0813 0.0078
vn -0.6479 0.7598 0.0547
vn 0.0098 0.0801 -0.9967
vn 0.6479 -0.7598 -0.0547
vn -0.0098 -0.0801 0.9967
vn 0.0527 0.7666 0.6400
vn 0.9972 -0.0750 0.0078
vn -0.0527 -0.7666 -0.6400
vn -0.9972 0.0750 -0.0078
vn 0.6430 0.7639 -0.0547
vn 0.0103 -0.0801 -0.9967
vn -0.6430 -0.7639 0.0547
vn -0.0103 0.0801 0.9967
vn 0.6523 -0.7529 0.0877
vn 0.0197 -0.0990 -0.9949
vn -0.6523 0.7529 -0.0877
vn -0.0197 0.0990 0.9949
vn -0.6475 -0.7560 -0.0959
vn -0.0190 -0.1098 0.9938
vn 0.6475 0.7560 0.0959
vn 0.0190 0.1098 -0.9938
vn 0.0906 -0.7592 -0.6445
vn -0.9948 -0.0998 -0.0222
vn -0.0906 0.7592 0.6445
vn 0.9948 0.0998 0.0222
vn -0.0857 -0.7598 0.6445
vn -0.0858 -0.7598 0.6445
vn 0.9954 -0.0935 0.0222
vn 0.0857 0.7598 -0.6445
vn -0.9954 0.0935 -0.0222
vn 0.6348 -0.7714 -0.0445
vn 0.0139 0.0691 -0.9975
vn -0.6348 0.7714 0.0445
vn -0.0139 -0.0691 0.9975
vn -0.6299 -0.7754 0.0445
vn -0.0144 0.0690 0.9975
vn 0.6299 0.7754 -0.0445
vn 0.0144 -0.0690 -0.9975
vn -0.0441 -0.8010 -0.5970
vn -0.9978 0.0651 -0.0133
vn 0.0441 0.8010 0.5970
vn 0.9978 -0.0651 0.0133
vn 0.9978 -0.0652 0.0133
vn 0.0492 -0.8007 0.5970
vn 0.9974 0.0715 0.0133
vn -0.0492 0.8007 -0.5970
vn -0.9974 -0.0715 -0.0133
vn -0.9922 0.0843 0.0914
vn -0.9922 0.0843 0.0915
vn -0.0836 -0.0881 -0.9926
vn 0.9922 -0.0843 -0.0914
vn 0.9922 -0.0843 -0.0915
vn 0.0836 0.0881 0.9926
vn 0.9913 0.0906 0.0956
vn 0.0883 -0.0875 -0.9922
vn -0.9913 -0.0906 -0.0956
vn -0.0883 0.0875 0.9922
vn -0.9918 0.0843 -0.0956
vn -0.0878 -0.0881 0.9922
vn 0.9918 -0.0843 0.0956
vn 0.0878 0.0881 -0.9922
vn 0.9917 0.0906 -0.0914
vn 0.0842 -0.0875 0.9926
vn -0.9917 -0.0906 0.0915
vn -0.9917 -0.0906 0.0914
vn -0.0842 0.0875 -0.9926
vn 0.2101 -0.9777 -0.0000
vn 0.9323 -0.3617 -0.0000
vn -0.1654 0.9862 -0.0000
vn 0.0111 -0.9996 -0.0276
vn 0.0060 -0.9996 -0.0282
vn 0.0053 -0.9996 -0.0282
vn 0.0060 -0.9996 0.0282
vn 0.0111 -0.9996 0.0276
vn 0.0053 -0.9996 0.0282
vn -0.0003 -0.9996 -0.0276
vn -0.0049 -0.9996 -0.0263
vn -0.0055 -0.9996 -0.0261
vn 0.0004 -0.9996 -0.0277
vn 0.0118 -0.9996 0.0275
vn 0.0169 -0.9995 0.0258
vn -0.0096 -0.9997 -0.0240
vn -0.0101 -0.9997 -0.0237
vn 0.0175 -0.9995 0.0256
vn 0.0224 -0.9995 0.0228
vn -0.0137 -0.9997 -0.0210
vn -0.0141 -0.9997 -0.0207
vn 0.0229 -0.9995 0.0224
vn 0.0272 -0.9995 0.0184
vn -0.0171 -0.9997 -0.0174
vn -0.0174 -0.9997 -0.0171
vn 0.0275 -0.9995 0.0180
vn 0.0309 -0.9994 0.0130
vn -0.0198 -0.9997 -0.0134
vn -0.0199 -0.9997 -0.0132
vn 0.0310 -0.9994 0.0127
vn 0.0333 -0.9994 0.0067
vn -0.0210 -0.9997 -0.0112
vn 0.0334 -0.9994 0.0065
vn 0.0341 -0.9994 -0.0000
vn -0.0210 -0.9997 0.0112
vn -0.0199 -0.9997 0.0132
vn 0.0334 -0.9994 -0.0065
vn 0.0333 -0.9994 -0.0067
vn -0.0198 -0.9997 0.0134
vn -0.0174 -0.9997 0.0171
vn 0.0311 -0.9994 -0.0127
vn 0.0309 -0.9994 -0.0130
vn -0.0171 -0.9997 0.0174
vn -0.0141 -0.9997 0.0207
vn 0.0275 -0.9995 -0.0180
vn 0.0272 -0.9995 -0.0184
vn -0.0137 -0.9997 0.0210
vn -0.0101 -0.9997 0.0237
vn 0.0229 -0.9995 -0.0224
vn 0.0224 -0.9995 -0.0228
vn -0.0096 -0.9997 0.0240
vn -0.0055 -0.9996 0.0261
vn 0.0175 -0.9995 -0.0256
vn 0.0169 -0.9995 -0.0258
vn -0.0049 -0.9996 0.0263
vn -0.0003 -0.9996 0.0276
vn 0.0118 -0.9996 -0.0275
vn 0.0004 -0.9996 0.0277
vn 0.0111 0.9996 -0.0276
vn 0.0060 0.9996 -0.0282
vn 0.0118 0.9996 -0.0275
vn 0.0111 0.9996 0.0276
vn 0.0060 0.9996 0.0282
vn 0.0053 0.9996 0.0282
vn -0.0003 0.9996 -0.0276
vn -0.0049 0.9996 -0.0263
vn 0.0004 0.9996 -0.0277
vn 0.0053 0.9996 -0.0282
vn 0.0169 0.9995 0.0258
vn 0.0118 0.9996 0.0275
vn -0.0055 0.9996 -0.0261
vn -0.0096 0.9997 -0.0240
vn 0.0223 0.9995 0.0228
vn 0.0175 0.9995 0.0256
vn -0.0101 0.9997 -0.0237
vn -0.0137 0.9997 -0.0210
vn 0.0272 0.9995 0.0184
vn 0.0229 0.9995 0.0224
vn -0.0141 0.9997 -0.0207
vn -0.0171 0.9997 -0.0174
vn 0.0309 0.9994 0.0130
vn 0.0275 0.9995 0.0180
vn -0.0174 0.9997 -0.0171
vn -0.0198 0.9997 -0.0134
vn 0.0333 0.9994 0.0067
vn 0.0311 0.9994 0.0127
vn -0.0200 0.9997 -0.0132
vn -0.0210 0.9997 -0.0112
vn 0.0341 0.9994 -0.0000
vn 0.0333 0.9994 0.0065
vn -0.0200 0.9997 0.0132
vn -0.0210 0.9997 0.0112
vn 0.0333 0.9994 -0.0065
vn -0.0174 0.9997 0.0171
vn -0.0198 0.9997 0.0134
vn 0.0333 0.9994 -0.0067
vn 0.0311 0.9994 -0.0127
vn -0.0141 0.9997 0.0207
vn -0.0171 0.9997 0.0174
vn 0.0309 0.9994 -0.0130
vn 0.0275 0.9995 -0.0180
vn -0.0101 0.9997 0.0237
vn -0.0137 0.9997 0.0210
vn 0.0272 0.9995 -0.0184
vn 0.0228 0.9995 -0.0224
vn -0.0055 0.9996 0.0261
vn -0.0096 0.9997 0.0240
vn 0.0223 0.9995 -0.0228
vn 0.0175 0.9995 -0.0256
vn -0.0003 0.9996 0.0276
vn -0.0049 0.9996 0.0263
vn 0.0169 0.9995 -0.0258
vn 0.0004 0.9996 0.0277
vn 0.8819 -0.0000 -0.4714
vn -0.8819 -0.0000 -0.4714
vn -0.8819 -0.0000 0.4714
vn 0.8819 -0.0000 0.4714
vn -0.3251 -0.0000 0.9457
vn -0.3251 -0.0000 -0.9457
vn 0.0271 -0.9995 0.0184
vn -0.0200 -0.9997 -0.0132
vn 0.0311 -0.9994 0.0127
vn 0.0333 -0.9994 0.0065
vn -0.0200 -0.9997 0.0132
vn 0.0271 -0.9995 -0.0184
vn 0.0224 0.9995 0.0228
vn 0.0271 0.9995 0.0184
vn 0.0342 0.9994 -0.0000
vn -0.0199 0.9997 0.0132
vn 0.0271 0.9995 -0.0184
vn 0.0229 0.9995 -0.0224
vn 0.0224 0.9995 -0.0228
vn 0.0223 -0.9995 0.0228
vn 0.0228 -0.9995 0.0224
vn 0.0310 -0.9994 -0.0127
vn -0.8787 -0.0000 -0.4773
vn 0.4773 -0.0000 -0.8787
vn 0.8787 -0.0000 0.4773
vn -0.4773 -0.0000 0.8787
vn -0.5475 -0.0000 -0.8368
vn 0.8368 -0.0000 -0.5475
vn 0.5475 -0.0000 0.8368
vn -0.8368 -0.0000 0.5475
vn -0.0854 -0.0000 -0.9963
vn 0.9963 -0.0000 -0.0854
vn 0.0854 -0.0000 0.9963
vn -0.9963 -0.0000 0.0854
vn 0.3971 -0.0000 -0.9178
vn 0.9178 -0.0000 0.3971
vn -0.3971 -0.0000 0.9178
vn -0.9178 -0.0000 -0.3971
vn 0.7847 -0.0000 -0.6199
vn 0.6199 -0.0000 0.7847
vn -0.7847 -0.0000 0.6199
vn -0.6199 -0.0000 -0.7847
vn 0.9848 -0.0000 -0.1739
vn 0.1739 -0.0000 0.9848
vn -0.9848 -0.0000 0.1739
vn -0.1739 -0.0000 -0.9848
vn 0.9495 -0.0000 0.3137
vn -0.3137 -0.0000 0.9495
vn -0.9495 -0.0000 -0.3137
vn 0.3137 -0.0000 -0.9495
vn 0.6874 -0.0000 0.7263
vn -0.7263 -0.0000 0.6874
vn -0.6874 -0.0000 -0.7263
vn 0.7263 -0.0000 -0.6874
vn 0.2610 -0.0000 0.9653
vn -0.9653 -0.0000 0.2610
vn -0.2610 -0.0000 -0.9653
vn 0.9653 -0.0000 -0.2610
vn -0.2278 -0.0000 0.9737
vn -0.9737 -0.0000 -0.2278
vn 0.2278 -0.0000 -0.9737
vn 0.9737 -0.0000 0.2278
vn -0.6621 -0.0000 0.7494
vn -0.7494 -0.0000 -0.6621
vn 0.6621 -0.0000 -0.7494
vn 0.7494 -0.0000 0.6621
vn -0.9382 -0.0000 0.3460
vn -0.3460 -0.0000 -0.9382
vn 0.9382 -0.0000 -0.3460
vn 0.3460 -0.0000 0.9382
vn -0.0000 -0.9417 -0.3365
vn -0.1683 -0.9417 -0.2914
vn -0.2914 -0.9417 -0.1682
vn -0.3365 -0.9417 -0.0000
vn -0.2914 -0.9417 0.1682
vn -0.1682 -0.9417 0.2914
vn -0.0000 -0.9417 0.3365
vn 0.1682 -0.9417 0.2914
vn 0.2914 -0.9417 0.1682
vn 0.3365 -0.9417 -0.0000
vn 0.2914 -0.9417 -0.1682
vn 0.1682 -0.9417 -0.2914
vn 0.4016 0.9158 -0.0000
vn 0.3478 0.9158 -0.2008
vn -0.0000 0.9158 0.4016
vn 0.2008 0.9158 0.3478
vn -0.4016 0.9158 -0.0000
vn -0.3478 0.9158 0.2008
vn -0.0000 0.9158 -0.4016
vn 0.2008 0.9158 -0.3478
vn 0.3478 0.9158 0.2008
vn -0.2008 0.9158 0.3478
vn -0.3478 0.9158 -0.2008
vn -0.2008 0.9158 -0.3478
vt 0.272866 0.981674
vt 0.245517 0.976696
vt 0.272866 0.976696
vt 0.245517 0.981674
vt 0.218168 0.976696
vt 0.218168 0.981674
vt 0.190820 0.976696
vt 0.190820 0.981674
vt 0.163471 0.976696
vt 0.163471 0.981674
vt 0.136122 0.976696
vt 0.136122 0.981674
vt 0.108773 0.976696
vt 0.983944 0.981674
vt 0.956595 0.976696
vt 0.983944 0.976696
vt 0.956595 0.981674
vt 0.929245 0.976696
vt 0.929245 0.981674
vt 0.901896 0.976696
vt 0.901896 0.981674
vt 0.874547 0.976696
vt 0.874547 0.981674
vt 0.847197 0.976696
vt 0.847197 0.981674
vt 0.819848 0.976696
vt 0.819848 0.981674
vt 0.792498 0.976696
vt 0.792498 0.981674
vt 0.765149 0.976696
vt 0.765149 0.981674
vt 0.737800 0.976696
vt 0.737800 0.981674
vt 0.710450 0.976696
vt 0.710450 0.981674
vt 0.683101 0.976696
vt 0.683101 0.981674
vt 0.655752 0.976696
vt 0.655752 0.981674
vt 0.628403 0.976696
vt 0.628403 0.981674
vt 0.601054 0.976696
vt 0.601054 0.981674
vt 0.573704 0.976696
vt 0.573704 0.981674
vt 0.546355 0.976696
vt 0.546355 0.981674
vt 0.519006 0.976696
vt 0.519006 0.981674
vt 0.491657 0.976696
vt 0.491657 0.981674
vt 0.464308 0.976696
vt 0.464308 0.981674
vt 0.436959 0.976696
vt 0.436959 0.981674
vt 0.409610 0.976696
vt 0.409610 0.981674
vt 0.382261 0.976696
vt 0.382261 0.981674
vt 0.354912 0.976696
vt 0.354912 0.981674
vt 0.327563 0.976696
vt 0.875047 0.396700
vt 0.605008 0.342986
vt 0.605008 0.314784
vt 0.327563 0.981674
vt 0.300215 0.976696
vt 0.300215 0.981674
vt 0.891078 0.342736
vt 0.636657 0.237365
vt 0.891077 0.314530
vt 0.680359 0.455757
vt 0.734074 0.472051
vt 0.706414 0.466550
vt 0.762275 0.472051
vt 0.656911 0.440090
vt 0.789935 0.466550
vt 0.636970 0.420148
vt 0.621302 0.396700
vt 0.839438 0.440090
vt 0.610510 0.370645
vt 0.859379 0.420148
vt 0.885839 0.370645
vt 0.610510 0.287125
vt 0.891341 0.342985
vt 0.621302 0.261070
vt 0.891341 0.314784
vt 0.636970 0.237621
vt 0.885839 0.287124
vt 0.680359 0.202012
vt 0.875047 0.261070
vt 0.859379 0.237621
vt 0.734074 0.185718
vt 0.839438 0.217680
vt 0.815989 0.202012
vt 0.762275 0.185718
vt 0.789934 0.191220
vt 0.680065 0.455538
vt 0.733790 0.471832
vt 0.706125 0.466331
vt 0.761996 0.471831
vt 0.656612 0.439869
vt 0.636666 0.419925
vt 0.815719 0.455531
vt 0.620994 0.396472
vt 0.610199 0.370414
vt 0.859115 0.419914
vt 0.604695 0.342750
vt 0.874784 0.396460
vt 0.604694 0.314543
vt 0.885577 0.370400
vt 0.610195 0.286878
vt 0.620988 0.260819
vt 0.885573 0.286866
vt 0.680053 0.201748
vt 0.874778 0.260807
vt 0.859106 0.237355
vt 0.733776 0.185448
vt 0.839160 0.217410
vt 0.815706 0.201741
vt 0.761982 0.185447
vt 0.789647 0.190948
vt 0.701632 0.007000
vt 0.726232 0.159905
vt 0.701632 0.159905
vt 0.726232 0.007000
vt 0.750832 0.159905
vt 0.750832 0.007000
vt 0.775431 0.159905
vt 0.775432 0.007000
vt 0.800031 0.159905
vt 0.800031 0.007000
vt 0.824631 0.159905
vt 0.824631 0.007001
vt 0.849230 0.159905
vt 0.849231 0.007001
vt 0.873830 0.159905
vt 0.873830 0.007001
vt 0.898430 0.159906
vt 0.308037 0.007001
vt 0.332637 0.159905
vt 0.308037 0.159906
vt 0.332637 0.007000
vt 0.357237 0.159905
vt 0.357236 0.007000
vt 0.381836 0.159905
vt 0.381836 0.007000
vt 0.406436 0.159905
vt 0.406436 0.007000
vt 0.431036 0.159905
vt 0.431036 0.007000
vt 0.455635 0.159905
vt 0.455635 0.007000
vt 0.480235 0.159905
vt 0.480235 0.007000
vt 0.504835 0.159905
vt 0.504835 0.007000
vt 0.529434 0.159905
vt 0.529434 0.007000
vt 0.554034 0.159905
vt 0.554034 0.007000
vt 0.578634 0.159905
vt 0.578634 0.007000
vt 0.603233 0.159905
vt 0.603233 0.007000
vt 0.627833 0.159905
vt 0.627833 0.007000
vt 0.652433 0.159905
vt 0.458672 0.429985
vt 0.425506 0.459546
vt 0.429357 0.429965
vt 0.652433 0.007000
vt 0.677032 0.159905
vt 0.677033 0.007000
vt 0.372040 0.263094
vt 0.388982 0.246152
vt 0.444855 0.318966
vt 0.340227 0.361437
vt 0.303036 0.337021
vt 0.332639 0.333070
vt 0.375710 0.229173
vt 0.389667 0.186950
vt 0.401134 0.214510
vt 0.533196 0.250055
vt 0.530653 0.205611
vt 0.556855 0.231896
vt 0.547718 0.361566
vt 0.556799 0.405071
vt 0.533078 0.386986
vt 0.375639 0.407645
vt 0.331235 0.405087
vt 0.354894 0.386873
vt 0.340258 0.275344
vt 0.331223 0.231787
vt 0.354946 0.249922
vt 0.487136 0.214583
vt 0.462677 0.177372
vt 0.498529 0.187012
vt 0.555293 0.333210
vt 0.584890 0.299929
vt 0.584890 0.337040
vt 0.389651 0.449929
vt 0.401036 0.422345
vt 0.332650 0.303705
vt 0.303032 0.299861
vt 0.486985 0.422404
vt 0.462620 0.459546
vt 0.425544 0.177350
vt 0.429481 0.206934
vt 0.575350 0.264068
vt 0.547792 0.275481
vt 0.512364 0.407737
vt 0.530587 0.431345
vt 0.312656 0.372912
vt 0.357494 0.205518
vt 0.512507 0.229284
vt 0.575317 0.372903
vt 0.357498 0.431353
vt 0.312646 0.263966
vt 0.458816 0.206959
vt 0.555293 0.303838
vt 0.498463 0.449926
vt 0.517669 0.263094
vt 0.529649 0.283843
vt 0.432875 0.409962
vt 0.409732 0.403761
vt 0.479978 0.403761
vt 0.456835 0.409962
vt 0.360060 0.283843
vt 0.500727 0.246152
vt 0.500727 0.391781
vt 0.353859 0.306987
vt 0.479978 0.234172
vt 0.517669 0.374839
vt 0.353859 0.330946
vt 0.456834 0.227971
vt 0.529649 0.354089
vt 0.360060 0.354089
vt 0.432875 0.227971
vt 0.535850 0.330946
vt 0.372040 0.374839
vt 0.409732 0.234172
vt 0.535850 0.306987
vt 0.388982 0.391781
vt 0.624629 0.576659
vt 0.839388 0.791419
vt 0.624629 0.791419
vt 0.836261 0.533022
vt 0.607247 0.554739
vt 0.621503 0.533022
vt 0.607247 0.511203
vt 0.836261 0.532920
vt 0.621503 0.532920
vt 0.607247 0.489384
vt 0.836261 0.511101
vt 0.621503 0.511101
vt 0.850518 0.576558
vt 0.621503 0.554840
vt 0.836261 0.554840
vt 0.741235 0.863956
vt 0.344911 0.879829
vt 0.344911 0.863956
vt 0.344911 0.841712
vt 0.344911 0.825839
vt 0.741235 0.841712
vt 0.741235 0.803595
vt 0.344911 0.803595
vt 0.741235 0.825839
vt 0.741235 0.879830
vt 0.948498 0.880607
vt 0.928364 0.014000
vt 0.948498 0.012245
vt 0.928368 0.882361
vt 0.908235 0.015748
vt 0.988761 0.015747
vt 0.968627 0.882354
vt 0.968627 0.013993
vt 0.988761 0.884109
vt 0.491524 0.749797
vt 0.323418 0.736245
vt 0.491524 0.736245
vt 0.323418 0.722693
vt 0.491524 0.763349
vt 0.323418 0.749797
vt 0.491524 0.776901
vt 0.323418 0.763349
vt 0.232189 0.018953
vt 0.247444 0.887989
vt 0.232275 0.888095
vt 0.262432 0.024412
vt 0.262517 0.888112
vt 0.277591 0.888007
vt 0.277507 0.024308
vt 0.292666 0.887911
vt 0.349072 0.568373
vt 0.428335 0.594871
vt 0.349418 0.595867
vt 0.350207 0.650515
vt 0.322711 0.623974
vt 0.350207 0.623974
vt 0.323617 0.513596
vt 0.442292 0.545020
vt 0.322711 0.541077
vt 0.443198 0.616861
vt 0.323754 0.623818
vt 0.427988 0.567377
vt 0.247358 0.018847
vt 0.362268 0.928276
vt 0.334107 0.934654
vt 0.333725 0.926264
vt 0.741470 0.938062
vt 0.710277 0.930427
vt 0.741909 0.928701
vt 0.305210 0.923953
vt 0.277078 0.930391
vt 0.276711 0.921353
vt 0.305592 0.932665
vt 0.709864 0.939302
vt 0.679118 0.931796
vt 0.248534 0.927838
vt 0.248200 0.918477
vt 0.678748 0.940220
vt 0.648458 0.932829
vt 0.219917 0.925015
vt 0.219630 0.915338
vt 0.648147 0.940839
vt 0.618347 0.933556
vt 0.191170 0.921928
vt 0.190943 0.911949
vt 0.618106 0.941195
vt 0.588857 0.934023
vt 0.162234 0.918415
vt 0.162083 0.908084
vt 0.588694 0.941335
vt 0.560071 0.934286
vt 0.133650 0.914926
vt 0.133300 0.904426
vt 0.559990 0.941315
vt 0.532082 0.934481
vt 0.977795 0.920232
vt 0.942956 0.910804
vt 0.978254 0.907369
vt 0.504389 0.940921
vt 0.504317 0.934004
vt 0.942747 0.923411
vt 0.907821 0.914731
vt 0.476361 0.940466
vt 0.476212 0.933381
vt 0.907530 0.926777
vt 0.873437 0.918201
vt 0.448090 0.939810
vt 0.447869 0.932523
vt 0.873079 0.929701
vt 0.839723 0.921349
vt 0.419666 0.938923
vt 0.419383 0.931398
vt 0.839317 0.932299
vt 0.806601 0.924157
vt 0.391163 0.937777
vt 0.390832 0.929987
vt 0.806165 0.934562
vt 0.774010 0.926611
vt 0.362633 0.936358
vt 0.773563 0.936484
vt 0.362158 0.955668
vt 0.334048 0.946043
vt 0.362582 0.947749
vt 0.710331 0.960538
vt 0.741494 0.950777
vt 0.741985 0.959960
vt 0.305056 0.952570
vt 0.277004 0.941782
vt 0.305526 0.944050
vt 0.333593 0.954256
vt 0.679150 0.960819
vt 0.709880 0.951822
vt 0.276536 0.950617
vt 0.248453 0.939250
vt 0.648472 0.960823
vt 0.678756 0.952538
vt 0.248002 0.948401
vt 0.219829 0.936467
vt 0.618346 0.960581
vt 0.648147 0.952942
vt 0.219411 0.945931
vt 0.191076 0.933446
vt 0.588843 0.960132
vt 0.618100 0.953059
vt 0.190705 0.943215
vt 0.162122 0.930110
vt 0.560048 0.959532
vt 0.588682 0.952931
vt 0.161796 0.940235
vt 0.133556 0.926231
vt 0.532057 0.958890
vt 0.559975 0.952609
vt 0.943205 0.950079
vt 0.977881 0.934098
vt 0.978484 0.946475
vt 0.504370 0.952042
vt 0.532061 0.952238
vt 0.908022 0.952494
vt 0.942833 0.937697
vt 0.504289 0.958854
vt 0.476339 0.951704
vt 0.873613 0.954581
vt 0.907596 0.940686
vt 0.476172 0.958678
vt 0.448061 0.951129
vt 0.839874 0.956380
vt 0.873138 0.943315
vt 0.447815 0.958296
vt 0.419630 0.950288
vt 0.806727 0.957881
vt 0.839367 0.945655
vt 0.419312 0.957680
vt 0.391119 0.949164
vt 0.774111 0.959076
vt 0.806207 0.947687
vt 0.390741 0.956808
vt 0.773596 0.949398
vt 0.907716 0.901056
vt 0.873340 0.904806
vt 0.839635 0.908202
vt 0.806523 0.911230
vt 0.773942 0.913885
vt 0.741850 0.916164
vt 0.710228 0.918075
vt 0.679078 0.919636
vt 0.648426 0.920875
vt 0.618323 0.921832
vt 0.588838 0.922561
vt 0.560057 0.923120
vt 0.532079 0.923512
vt 0.532078 0.941132
vt 0.504326 0.923022
vt 0.476227 0.922283
vt 0.447890 0.921349
vt 0.419412 0.920183
vt 0.390867 0.918756
vt 0.362312 0.917047
vt 0.305269 0.912741
vt 0.333776 0.915043
vt 0.276778 0.910142
vt 0.248273 0.907252
vt 0.219711 0.904080
vt 0.191032 0.900634
vt 0.162177 0.896912
vt 0.978162 0.893268
vt 0.942847 0.896945
vt 0.139446 0.882298
vt 0.136323 0.893170
vt 0.136257 0.882298
vt 0.133108 0.893170
vt 0.136231 0.882298
vt 0.136165 0.893170
vt 0.379285 0.649109
vt 0.548807 0.635289
vt 0.548807 0.649109
vt 0.379285 0.690568
vt 0.548807 0.676748
vt 0.548806 0.690568
vt 0.379285 0.676748
vt 0.548807 0.662929
vt 0.379285 0.662929
vt 0.393104 0.690590
vt 0.379285 0.704410
vt 0.379285 0.690590
vt 0.393104 0.704410
vt 0.095587 0.185226
vt 0.081422 0.109019
vt 0.095587 0.109019
vt 0.082352 0.869284
vt 0.067955 0.044503
vt 0.082352 0.044420
vt 0.067258 0.185226
vt 0.053094 0.109019
vt 0.067258 0.109019
vt 0.038930 0.185226
vt 0.024766 0.109019
vt 0.038930 0.109019
vt 0.039162 0.869533
vt 0.024766 0.044753
vt 0.039162 0.044670
vt 0.194736 0.185226
vt 0.180572 0.109019
vt 0.194736 0.109019
vt 0.166408 0.185226
vt 0.152243 0.109019
vt 0.166408 0.109019
vt 0.168732 0.868785
vt 0.154335 0.044005
vt 0.168732 0.043922
vt 0.125542 0.869034
vt 0.111145 0.044254
vt 0.125542 0.044171
vt 0.123915 0.185226
vt 0.109751 0.109019
vt 0.123915 0.109019
vt 0.109751 0.185226
vt 0.081422 0.185226
vt 0.104188 0.044753
vt 0.120073 0.108870
vt 0.104188 0.108870
vt 0.088304 0.044753
vt 0.088304 0.108870
vt 0.072419 0.044753
vt 0.072419 0.108870
vt 0.056535 0.044753
vt 0.056535 0.108870
vt 0.040650 0.044753
vt 0.040650 0.108870
vt 0.024766 0.108870
vt 0.199496 0.044753
vt 0.215380 0.108870
vt 0.199496 0.108870
vt 0.183611 0.044753
vt 0.183611 0.108870
vt 0.167727 0.044753
vt 0.167727 0.108870
vt 0.151842 0.044753
vt 0.151842 0.108870
vt 0.135957 0.044753
vt 0.135958 0.108870
vt 0.047449 0.230744
vt 0.052523 0.240180
vt 0.045423 0.240180
vt 0.053923 0.246702
vt 0.047449 0.249616
vt 0.057877 0.252075
vt 0.053169 0.257389
vt 0.061576 0.262130
vt 0.063687 0.255352
vt 0.070331 0.255955
vt 0.071187 0.263002
vt 0.076637 0.253779
vt 0.080310 0.259853
vt 0.081494 0.249205
vt 0.087337 0.253238
vt 0.087337 0.227122
vt 0.076637 0.226581
vt 0.080310 0.220506
vt 0.070331 0.224404
vt 0.071187 0.217357
vt 0.063687 0.225008
vt 0.061576 0.218229
vt 0.057877 0.228284
vt 0.053169 0.222970
vt 0.053923 0.233657
vt 0.120073 0.044753
vt 0.096749 0.869201
vt 0.096749 0.044337
vt 0.152243 0.185226
vt 0.138079 0.109019
vt 0.139938 0.868951
vt 0.139938 0.044088
vt 0.154335 0.868868
vt 0.180572 0.185226
vt 0.183128 0.868702
vt 0.183128 0.043838
vt 0.197525 0.868618
vt 0.197525 0.043755
vt 0.053094 0.185226
vt 0.053559 0.869450
vt 0.053559 0.044586
vt 0.067955 0.869367
vt 0.111145 0.869117
vt 0.111165 0.256941
vt 0.103176 0.259022
vt 0.105779 0.254784
vt 0.116962 0.223168
vt 0.124754 0.220441
vt 0.122506 0.224878
vt 0.101421 0.229392
vt 0.103176 0.221325
vt 0.105779 0.225562
vt 0.098589 0.245892
vt 0.097553 0.254082
vt 0.093900 0.247550
vt 0.116962 0.257178
vt 0.110124 0.261804
vt 0.111165 0.223406
vt 0.117602 0.218236
vt 0.098589 0.234455
vt 0.097553 0.226265
vt 0.101421 0.250955
vt 0.092634 0.240173
vt 0.093900 0.232797
vt 0.110124 0.218542
vt 0.124754 0.259906
vt 0.117602 0.262111
vt 0.097607 0.240173
vt 0.138079 0.185226
vt 0.108773 0.981674
vt 0.815989 0.455757
vt 0.656911 0.217680
vt 0.706414 0.191220
vt 0.789660 0.466327
vt 0.839171 0.439860
vt 0.656601 0.217419
vt 0.706112 0.190952
vt 0.898430 0.007001
vt 0.839388 0.576659
vt 0.850518 0.554739
vt 0.850518 0.511203
vt 0.850518 0.489384
vt 0.607247 0.576558
vt 0.908236 0.884109
vt 0.491524 0.722693
vt 0.323418 0.776901
vt 0.292665 0.013854
vt 0.322711 0.650515
vt 0.443198 0.517539
vt 0.133041 0.936305
vt 0.133395 0.893268
vt 0.139380 0.893170
vt 0.133041 0.882298
vt 0.379285 0.635289
vt 0.024766 0.185226
vt 0.024766 0.869616
vt 0.215380 0.044753
vt 0.081494 0.231154
vt 0.122506 0.255469
s 1
usemtl water_tank
f 2/1/1 3/2/2 1/3/1
f 4/4/2 5/5/3 3/2/2
f 6/6/3 7/7/4 5/5/3
f 8/8/4 9/9/5 7/7/4
f 10/10/5 11/11/6 9/9/5
f 12/12/6 13/13/7 11/11/6
f 14/14/7 15/15/8 13/16/7
f 16/17/8 17/18/9 15/15/8
f 18/19/9 19/20/10 17/18/9
f 20/21/10 21/22/11 19/20/10
f 22/23/11 23/24/12 21/22/11
f 24/25/12 25/26/13 23/24/12
f 26/27/13 27/28/14 25/26/13
f 28/29/14 29/30/15 27/28/14
f 30/31/15 31/32/16 29/30/15
f 32/33/16 33/34/17 31/32/16
f 34/35/17 35/36/18 33/34/17
f 36/37/18 37/38/19 35/36/18
f 38/39/19 39/40/20 37/38/19
f 40/41/20 41/42/21 39/40/20
f 42/43/21 43/44/22 41/42/21
f 44/45/22 45/46/23 43/44/22
f 46/47/23 47/48/24 45/46/23
f 48/49/24 49/50/25 47/48/24
f 50/51/25 51/52/26 49/50/25
f 52/53/26 53/54/27 51/52/26
f 54/55/27 55/56/28 53/54/27
f 56/57/28 57/58/29 55/56/28
f 58/59/29 59/60/30 57/58/29
f 60/61/30 61/62/31 59/60/30
f 32/63/32 6/64/32 4/65/32
f 62/66/31 63/67/33 61/62/31
f 64/68/33 1/3/1 63/67/33
f 1/69/34 39/70/34 63/71/34
f 16/72/32 20/73/32 18/74/32
f 22/75/32 16/72/32 14/76/32
f 24/77/32 14/76/32 12/78/32
f 10/79/32 24/77/32 12/78/32
f 28/80/32 10/79/32 8/81/32
f 30/82/32 8/81/32 6/64/32
f 4/65/32 34/83/32 32/63/32
f 2/84/32 36/85/32 34/83/32
f 64/86/32 38/87/32 36/85/32
f 62/88/32 40/89/32 38/87/32
f 40/89/32 58/90/32 42/91/32
f 58/90/32 44/92/32 42/91/32
f 44/92/32 54/93/32 46/94/32
f 54/93/32 48/95/32 46/94/32
f 48/95/32 52/96/32 50/97/32
f 21/98/34 17/99/34 19/100/34
f 15/101/34 21/98/34 23/102/34
f 25/103/34 15/101/34 23/102/34
f 11/104/34 25/103/34 27/105/34
f 29/106/34 11/104/34 27/105/34
f 7/107/34 29/106/34 31/108/34
f 5/109/34 31/108/34 33/110/34
f 3/111/34 33/110/34 35/112/34
f 1/69/34 35/112/34 37/113/34
f 39/70/34 61/114/34 63/71/34
f 61/114/34 43/115/34 59/116/34
f 43/115/34 57/117/34 59/116/34
f 57/117/34 47/118/34 55/119/34
f 47/118/34 53/120/34 55/119/34
f 53/120/34 49/121/34 51/122/34
f 66/123/1 67/124/35 65/125/1
f 68/126/35 69/127/36 67/124/35
f 70/128/36 71/129/5 69/127/36
f 72/130/5 73/131/37 71/129/5
f 74/132/37 75/133/38 73/131/37
f 76/134/38 77/135/9 75/133/38
f 78/136/9 79/137/39 77/135/9
f 80/138/39 81/139/40 79/137/39
f 82/140/40 83/141/13 81/142/40
f 84/143/13 85/144/41 83/141/13
f 86/145/41 87/146/42 85/144/41
f 88/147/42 89/148/17 87/146/42
f 90/149/17 91/150/43 89/148/17
f 92/151/43 93/152/44 91/150/43
f 94/153/44 95/154/21 93/152/44
f 96/155/21 97/156/45 95/154/21
f 98/157/45 99/158/46 97/156/45
f 100/159/46 101/160/25 99/158/46
f 102/161/25 103/162/47 101/160/25
f 104/163/47 105/164/48 103/162/47
f 106/165/48 107/166/29 105/164/48
f 108/167/29 109/168/49 107/166/29
f 68/169/50 115/170/51 70/171/51
f 110/172/49 111/173/52 109/168/49
f 112/174/52 65/125/1 111/173/52
f 128/175/53 127/176/54 137/177/32
f 78/178/55 120/179/56 80/180/56
f 88/181/57 125/182/58 90/183/58
f 100/184/59 129/185/60 130/186/59
f 108/187/61 135/188/62 110/189/62
f 74/190/63 118/191/64 76/192/64
f 84/193/65 123/194/66 86/195/66
f 96/196/67 127/197/68 128/198/67
f 106/199/69 132/200/70 133/201/69
f 70/171/51 116/202/71 72/203/71
f 82/204/72 120/179/56 121/205/72
f 66/206/73 113/207/50 68/169/50
f 90/183/58 126/208/74 92/209/74
f 100/184/59 131/210/75 102/211/75
f 112/212/76 135/188/62 136/213/76
f 76/192/64 119/214/55 78/178/55
f 88/181/57 123/194/66 124/215/57
f 96/196/67 129/185/60 98/216/60
f 106/199/69 134/217/61 108/187/61
f 72/203/71 117/218/63 74/190/63
f 82/204/72 122/219/65 84/193/65
f 94/220/68 126/208/74 127/197/68
f 102/211/75 132/200/70 104/221/70
f 112/212/76 114/222/73 66/206/73
f 121/223/77 120/224/78 137/177/32
f 136/225/79 135/226/80 137/177/32
f 113/227/81 114/228/82 137/177/32
f 129/229/83 128/175/53 137/177/32
f 122/230/84 121/223/77 137/177/32
f 114/228/82 136/225/79 137/177/32
f 115/231/85 113/227/81 137/177/32
f 130/232/86 129/229/83 137/177/32
f 123/233/87 122/230/84 137/177/32
f 116/234/88 115/231/85 137/177/32
f 131/235/89 130/232/86 137/177/32
f 124/236/90 123/233/87 137/177/32
f 117/237/91 116/234/88 137/177/32
f 132/238/92 131/235/89 137/177/32
f 125/239/93 124/236/90 137/177/32
f 118/240/94 117/237/91 137/177/32
f 133/241/95 132/238/92 137/177/32
f 126/242/96 125/239/93 137/177/32
f 119/243/97 118/240/94 137/177/32
f 134/244/98 133/241/95 137/177/32
f 127/176/54 126/242/96 137/177/32
f 120/224/78 119/243/97 137/177/32
f 135/226/80 134/244/98 137/177/32
f 139/245/32 140/246/32 138/247/32
f 141/248/99 142/249/99 140/250/99
f 143/251/100 139/252/100 138/253/100
f 144/254/101 141/255/101 139/256/101
f 142/257/102 138/258/102 140/259/102
f 148/260/103 147/261/103 146/262/103
f 149/263/104 148/260/104 146/262/104
f 150/264/105 151/265/105 149/263/105
f 153/266/106 150/264/106 147/267/106
f 155/260/107 156/261/107 154/262/107
f 157/266/108 160/264/108 156/267/108
f 161/268/109 158/263/109 160/264/109
f 159/265/110 154/262/110 158/263/110
f 164/260/111 163/261/111 162/262/111
f 165/263/112 164/260/112 162/262/112
f 166/264/113 167/265/113 165/263/113
f 169/266/114 166/264/114 163/267/114
f 172/260/115 171/261/115 170/262/115
f 175/265/116 170/262/116 173/263/116
f 174/264/117 175/265/117 173/263/117
f 171/267/118 176/268/118 174/264/118
f 178/262/119 185/269/119 180/260/119
f 178/262/120 183/265/120 181/263/120
f 181/263/121 184/268/121 182/264/121
f 179/267/122 184/268/122 185/266/122
f 186/262/123 193/269/123 188/260/123
f 186/262/124 191/265/124 189/263/124
f 189/263/125 192/268/125 190/264/125
f 187/267/126 192/268/126 193/266/126
f 194/262/127 201/269/127 196/260/127
f 197/263/128 196/260/128 199/265/128
f 197/263/129 200/268/129 198/264/129
f 198/264/130 201/266/130 195/267/130
f 202/262/131 209/269/132 204/260/132
f 205/263/133 204/260/133 207/265/133
f 205/263/134 208/268/134 206/264/134
f 206/264/135 209/266/135 203/267/135
f 210/262/136 217/269/136 212/260/136
f 213/263/137 212/260/137 215/265/137
f 213/263/138 216/268/138 214/264/138
f 214/264/139 217/266/139 211/267/139
f 218/262/140 225/269/140 220/260/140
f 221/263/141 220/260/141 223/265/141
f 221/263/142 224/268/142 222/264/142
f 222/264/143 225/266/143 219/267/143
f 226/262/144 233/269/144 228/260/144
f 229/263/145 228/260/145 231/265/145
f 229/263/146 232/268/146 230/264/146
f 230/264/147 233/266/148 227/267/147
f 234/262/149 241/269/149 236/260/149
f 237/263/150 236/260/150 239/265/150
f 237/263/151 240/268/151 238/264/151
f 238/264/152 241/266/152 235/267/152
f 243/270/153 244/271/154 242/272/154
f 245/273/155 248/274/155 244/271/155
f 248/275/156 247/276/157 246/277/156
f 246/277/158 243/270/158 242/272/158
f 252/271/159 251/270/159 250/272/159
f 256/274/160 253/273/160 252/271/160
f 256/275/161 255/276/161 257/278/161
f 254/277/162 251/270/162 255/276/162
f 260/271/163 259/270/163 258/272/163
f 264/274/164 261/273/164 260/271/164
f 264/275/165 263/276/165 265/278/165
f 262/277/166 259/270/166 263/276/166
f 267/270/167 268/271/167 266/272/167
f 269/273/168 272/274/168 268/271/168
f 272/275/169 271/276/170 270/277/169
f 270/277/171 267/270/171 266/272/171
f 278/279/34 274/280/34 275/281/34
f 276/282/25 275/281/25 274/280/25
f 280/283/9 277/284/9 278/279/9
f 281/285/32 279/286/32 280/283/32
f 283/287/25 284/288/25 282/289/25
f 284/288/1 289/290/1 288/291/1
f 289/290/9 286/292/9 288/291/9
f 287/293/17 282/294/17 286/292/17
f 289/295/172 293/296/172 287/297/172
f 291/298/173 293/299/173 292/300/173
f 283/301/174 291/302/174 285/303/174
f 287/297/17 290/304/17 283/305/17
f 289/295/1 291/302/1 292/306/1
f 296/288/25 295/287/25 294/289/25
f 296/288/17 301/290/17 297/307/17
f 298/292/9 301/290/9 300/291/9
f 294/294/1 299/293/1 298/292/1
f 305/296/172 301/295/172 299/297/172
f 305/299/173 303/298/173 304/300/173
f 303/302/174 295/301/174 297/303/174
f 302/304/1 299/297/1 295/305/1
f 301/295/17 303/302/17 297/303/17
f 310/279/34 306/280/34 307/281/34
f 308/282/25 307/281/25 306/280/25
f 312/283/9 309/284/9 310/279/9
f 313/285/32 311/286/32 312/283/32
f 318/279/34 314/280/34 315/281/34
f 316/282/25 315/281/25 314/280/25
f 320/283/9 317/284/9 318/279/9
f 321/285/32 319/286/32 320/283/32
f 326/279/34 322/280/34 323/281/34
f 324/282/25 323/281/25 322/280/25
f 328/283/9 325/284/9 326/279/9
f 329/285/32 327/286/32 328/283/32
f 334/279/34 330/280/34 331/281/34
f 332/282/25 331/281/25 330/280/25
f 336/283/9 333/284/9 334/279/9
f 337/285/32 335/286/32 336/283/32
f 342/279/34 338/280/34 339/281/34
f 340/282/25 339/281/25 338/280/25
f 344/283/9 341/284/9 342/279/9
f 345/285/32 343/286/32 344/283/32
f 350/279/34 346/280/34 347/281/34
f 348/282/25 347/281/25 346/280/25
f 352/283/9 349/284/9 350/279/9
f 353/285/32 351/286/32 352/283/32
f 358/279/34 354/280/34 355/281/34
f 356/282/25 355/281/25 354/280/25
f 360/283/9 357/284/9 358/279/9
f 361/285/32 359/286/32 360/283/32
f 366/279/34 362/280/34 363/281/34
f 364/282/25 363/281/25 362/280/25
f 368/283/9 365/284/9 366/279/9
f 369/285/32 367/286/32 368/283/32
f 374/279/34 370/280/34 371/281/34
f 372/282/25 371/281/25 370/280/25
f 376/283/9 373/284/9 374/279/9
f 377/285/32 375/286/32 376/283/32
f 382/279/34 378/280/34 379/281/34
f 380/282/25 379/281/25 378/280/25
f 384/283/9 381/284/9 382/279/9
f 385/285/32 383/286/32 384/283/32
f 390/279/34 386/280/34 387/281/34
f 388/282/25 387/281/25 386/280/25
f 392/283/9 389/284/9 390/279/9
f 393/285/32 391/286/32 392/283/32
f 398/279/34 394/280/34 395/281/34
f 396/282/25 395/281/25 394/280/25
f 400/283/9 397/284/9 398/279/9
f 401/285/32 399/286/32 400/283/32
f 406/279/34 402/280/34 403/281/34
f 404/282/25 403/281/25 402/280/25
f 408/283/9 405/284/9 406/279/9
f 409/285/32 407/286/32 408/283/32
f 414/279/34 410/280/34 411/281/34
f 412/282/25 411/281/25 410/280/25
f 416/283/9 413/284/9 414/279/9
f 417/285/32 415/286/32 416/283/32
f 422/279/34 418/280/34 419/281/34
f 420/282/25 419/281/25 418/280/25
f 424/283/9 421/284/9 422/279/9
f 425/285/32 423/286/32 424/283/32
f 430/279/34 426/280/34 427/281/34
f 428/282/25 427/281/25 426/280/25
f 432/283/9 429/284/9 430/279/9
f 433/285/32 431/286/32 432/283/32
f 438/279/34 434/280/34 435/281/34
f 436/282/25 435/281/25 434/280/25
f 440/283/9 437/284/9 438/279/9
f 441/285/32 439/286/32 440/283/32
f 446/279/34 442/280/34 443/281/34
f 444/282/25 443/281/25 442/280/25
f 448/283/9 445/284/9 446/279/9
f 449/285/32 447/286/32 448/283/32
f 477/308/175 507/309/176 478/310/177
f 493/311/178 465/312/179 464/313/180
f 450/314/181 480/315/182 451/316/183
f 478/310/177 479/317/184 450/314/181
f 494/318/185 466/319/186 465/312/179
f 451/316/183 481/320/187 452/321/188
f 495/322/189 467/323/190 466/319/186
f 452/321/188 482/324/191 453/325/192
f 496/326/193 468/327/194 467/323/190
f 453/325/192 483/328/195 454/329/196
f 497/330/197 469/331/198 468/327/194
f 454/329/196 484/332/199 455/333/200
f 498/334/201 470/335/202 469/331/198
f 455/333/200 485/336/203 456/337/203
f 499/338/204 471/339/205 470/335/202
f 486/340/206 458/341/207 457/342/206
f 471/339/205 501/343/208 472/344/209
f 487/345/210 459/346/211 458/341/207
f 472/344/209 502/347/212 473/348/213
f 488/349/214 460/350/215 459/346/211
f 473/348/213 503/351/216 474/352/217
f 489/353/218 461/354/219 460/350/215
f 474/352/217 504/355/220 475/356/221
f 490/357/222 462/358/223 461/354/219
f 475/356/221 505/359/224 476/360/225
f 491/361/226 463/362/227 462/358/223
f 476/360/225 506/363/228 477/308/175
f 492/364/229 464/313/180 463/362/227
f 535/365/230 565/366/231 564/367/232
f 523/368/233 551/369/234 522/370/235
f 509/371/236 537/372/237 538/373/238
f 536/374/239 538/373/238 565/366/231
f 524/375/240 552/376/241 523/368/233
f 508/377/242 539/378/243 537/372/237
f 525/379/244 553/380/245 524/375/240
f 510/381/246 540/382/247 539/378/243
f 526/383/248 554/384/249 525/379/244
f 511/385/250 541/386/251 540/382/247
f 527/387/252 555/388/253 526/383/248
f 512/389/254 542/390/255 541/386/251
f 528/391/256 556/392/257 527/387/252
f 513/393/258 543/394/259 542/390/255
f 529/395/260 557/396/261 528/391/256
f 515/397/262 545/398/263 516/399/263
f 529/395/260 559/400/264 558/401/260
f 517/402/265 544/403/266 515/397/262
f 530/404/267 560/405/268 559/400/264
f 518/406/269 546/407/270 517/402/265
f 531/408/271 561/409/272 560/405/268
f 519/410/273 547/411/274 518/406/269
f 532/412/275 562/413/276 561/409/272
f 520/414/277 548/415/278 519/410/273
f 533/416/279 563/417/280 562/413/276
f 521/418/281 549/419/282 520/414/277
f 534/420/283 564/367/232 563/417/280
f 522/370/235 550/421/284 521/418/281
f 486/340/285 544/403/6 487/345/6
f 460/350/20 517/422/21 459/346/21
f 487/345/6 546/407/5 488/349/5
f 461/354/19 518/423/20 460/350/20
f 488/349/5 547/411/4 489/353/4
f 462/358/18 519/424/19 461/354/19
f 489/353/4 548/415/3 490/357/3
f 463/362/17 520/425/18 462/358/18
f 490/357/3 549/419/2 491/361/2
f 464/313/16 521/426/17 463/362/17
f 491/361/2 550/421/1 492/364/1
f 465/312/15 522/427/16 464/313/16
f 492/364/1 551/369/33 493/311/33
f 466/319/14 523/428/15 465/312/15
f 493/311/33 552/376/31 494/318/31
f 467/323/13 524/429/14 466/319/14
f 494/318/31 553/380/30 495/322/30
f 468/327/12 525/430/13 467/323/13
f 495/322/30 554/384/29 496/326/29
f 469/331/11 526/431/12 468/327/12
f 496/326/29 555/388/28 497/330/28
f 470/335/10 527/432/11 469/331/11
f 497/330/28 556/392/27 498/334/27
f 471/339/9 528/433/10 470/335/10
f 498/334/27 557/396/26 499/338/26
f 472/344/8 529/434/9 471/339/9
f 499/338/26 558/401/25 500/435/25
f 473/348/7 530/436/8 472/344/8
f 500/435/25 559/400/24 501/343/24
f 474/352/6 531/437/7 473/348/7
f 501/343/24 560/405/23 502/347/23
f 475/356/5 532/438/6 474/352/6
f 502/347/23 561/409/22 503/351/22
f 476/360/4 533/439/5 475/356/5
f 503/351/22 562/413/21 504/355/21
f 477/308/3 534/440/4 476/360/4
f 504/355/21 563/417/20 505/359/20
f 478/310/2 535/441/3 477/308/3
f 451/316/33 509/442/1 450/314/1
f 505/359/20 564/367/19 506/363/19
f 450/314/1 536/443/2 478/310/2
f 452/321/31 508/444/33 451/316/33
f 506/363/19 565/366/18 507/309/18
f 479/317/17 537/372/16 480/315/16
f 453/325/30 510/445/31 452/321/31
f 507/309/18 538/373/17 479/317/17
f 480/315/16 539/378/15 481/320/15
f 454/329/29 511/446/30 453/325/30
f 481/320/15 540/382/14 482/324/14
f 455/333/28 512/447/29 454/329/29
f 482/324/14 541/386/13 483/328/13
f 456/337/286 513/448/28 455/333/28
f 483/328/13 542/390/12 484/332/12
f 458/341/22 516/449/287 457/342/287
f 484/332/12 543/394/288 485/336/288
f 459/346/21 515/450/22 458/341/22
f 543/451/289 456/452/289 485/453/289
f 516/454/290 486/455/290 457/456/290
f 593/308/175 623/309/176 594/310/177
f 609/311/178 581/312/179 580/313/180
f 566/314/181 596/315/182 567/316/183
f 594/310/177 595/317/184 566/314/181
f 610/318/185 582/319/186 581/312/179
f 567/316/183 597/320/187 568/321/188
f 611/322/189 583/323/190 582/319/186
f 568/321/188 598/324/191 569/325/192
f 612/326/193 584/327/291 583/323/190
f 569/325/192 599/328/195 570/329/196
f 613/330/197 585/331/198 584/327/291
f 570/329/196 600/332/199 571/333/292
f 614/334/293 586/335/202 585/331/198
f 571/333/292 601/336/203 572/337/203
f 615/338/294 587/339/205 586/335/202
f 602/340/206 574/341/295 573/342/206
f 587/339/205 617/343/208 588/344/209
f 603/345/210 575/346/211 574/341/295
f 588/344/209 618/347/212 589/348/213
f 604/349/214 576/350/215 575/346/211
f 589/348/213 619/351/216 590/352/296
f 605/353/218 577/354/219 576/350/215
f 590/352/296 620/355/220 591/356/221
f 606/357/222 578/358/223 577/354/219
f 591/356/221 621/359/224 592/360/225
f 607/361/226 579/362/227 578/358/223
f 592/360/225 622/363/228 593/308/175
f 608/364/229 580/313/180 579/362/227
f 651/365/230 681/366/231 680/367/232
f 639/368/233 667/369/234 638/370/235
f 625/371/236 653/372/237 654/373/238
f 652/374/239 654/373/238 681/366/231
f 640/375/240 668/376/241 639/368/233
f 624/377/242 655/378/243 653/372/237
f 641/379/297 669/380/245 640/375/240
f 626/381/246 656/382/247 655/378/243
f 642/383/298 670/384/249 641/379/297
f 627/385/250 657/386/251 656/382/247
f 643/387/252 671/388/253 642/383/298
f 628/389/254 658/390/255 657/386/251
f 644/391/256 672/392/257 643/387/252
f 629/393/258 659/394/259 658/390/255
f 645/395/299 673/396/261 644/391/256
f 631/397/300 661/398/263 632/399/263
f 645/395/299 675/400/264 674/401/299
f 633/402/265 660/403/266 631/397/300
f 646/404/267 676/405/268 675/400/264
f 634/406/269 662/407/270 633/402/265
f 647/408/271 677/409/272 676/405/268
f 635/410/273 663/411/274 634/406/269
f 648/412/301 678/413/302 677/409/272
f 636/414/277 664/415/278 635/410/273
f 649/416/303 679/417/280 678/413/302
f 637/418/281 665/419/282 636/414/277
f 650/420/283 680/367/232 679/417/280
f 638/370/235 666/421/284 637/418/281
f 602/340/285 660/403/6 603/345/6
f 576/350/20 633/422/21 575/346/21
f 603/345/6 662/407/5 604/349/5
f 577/354/19 634/423/20 576/350/20
f 604/349/5 663/411/4 605/353/4
f 578/358/18 635/424/19 577/354/19
f 605/353/4 664/415/3 606/357/3
f 579/362/17 636/425/18 578/358/18
f 606/357/3 665/419/2 607/361/2
f 580/313/16 637/426/17 579/362/17
f 607/361/2 666/421/1 608/364/1
f 581/312/15 638/427/16 580/313/16
f 608/364/1 667/369/33 609/311/33
f 582/319/14 639/428/15 581/312/15
f 609/311/33 668/376/31 610/318/31
f 583/323/13 640/429/14 582/319/14
f 610/318/31 669/380/30 611/322/30
f 584/327/12 641/430/13 583/323/13
f 611/322/30 670/384/29 612/326/29
f 585/331/11 642/431/12 584/327/12
f 612/326/29 671/388/28 613/330/28
f 586/335/10 643/432/11 585/331/11
f 613/330/28 672/392/27 614/334/27
f 587/339/9 644/433/10 586/335/10
f 614/334/27 673/396/26 615/338/26
f 588/344/8 645/434/9 587/339/9
f 615/338/26 674/401/25 616/435/25
f 589/348/7 646/436/8 588/344/8
f 616/435/25 675/400/24 617/343/24
f 590/352/6 647/437/7 589/348/7
f 617/343/24 676/405/23 618/347/23
f 591/356/5 648/438/6 590/352/6
f 618/347/23 677/409/22 619/351/22
f 592/360/4 649/439/5 591/356/5
f 619/351/22 678/413/21 620/355/21
f 593/308/3 650/440/4 592/360/4
f 620/355/21 679/417/20 621/359/20
f 594/310/2 651/441/3 593/308/3
f 567/316/33 625/442/1 566/314/1
f 621/359/20 680/367/19 622/363/19
f 566/314/1 652/443/2 594/310/2
f 568/321/31 624/444/33 567/316/33
f 622/363/19 681/366/18 623/309/18
f 595/317/17 653/372/16 596/315/16
f 569/325/30 626/445/31 568/321/31
f 623/309/18 654/373/17 595/317/17
f 596/315/16 655/378/15 597/320/15
f 570/329/29 627/446/30 569/325/30
f 597/320/15 656/382/14 598/324/14
f 571/333/28 628/447/29 570/329/29
f 598/324/14 657/386/13 599/328/13
f 572/337/286 629/448/28 571/333/28
f 599/328/13 658/390/12 600/332/12
f 574/341/22 632/449/287 573/342/287
f 600/332/12 659/394/288 601/336/288
f 575/346/21 631/450/22 574/341/22
f 659/451/289 572/452/289 601/453/289
f 632/454/290 602/455/290 573/456/290
f 709/308/175 739/309/176 710/310/177
f 725/311/178 697/312/179 696/313/180
f 682/314/181 712/315/182 683/316/183
f 710/310/177 711/317/184 682/314/181
f 726/318/185 698/319/186 697/312/179
f 683/316/183 713/320/187 684/321/188
f 727/322/189 699/323/304 698/319/186
f 684/321/188 714/324/191 685/325/192
f 728/326/305 700/327/291 699/323/304
f 685/325/192 715/328/195 686/329/196
f 729/330/197 701/331/198 700/327/291
f 686/329/196 716/332/199 687/333/292
f 730/334/293 702/335/202 701/331/198
f 687/333/292 717/336/203 688/337/203
f 731/338/204 703/339/205 702/335/202
f 718/340/206 690/341/207 689/342/206
f 703/339/205 733/343/208 704/344/209
f 719/345/210 691/346/211 690/341/207
f 704/344/209 734/347/306 705/348/213
f 720/349/214 692/350/215 691/346/211
f 705/348/213 735/351/216 706/352/217
f 721/353/218 693/354/219 692/350/215
f 706/352/217 736/355/220 707/356/221
f 722/357/222 694/358/223 693/354/219
f 707/356/221 737/359/224 708/360/225
f 723/361/226 695/362/227 694/358/223
f 708/360/225 738/363/228 709/308/175
f 724/364/229 696/313/180 695/362/227
f 767/365/230 797/366/231 796/367/232
f 755/368/233 783/369/234 754/370/235
f 741/371/236 769/372/237 770/373/238
f 768/374/239 770/373/238 797/366/231
f 756/375/240 784/376/241 755/368/233
f 740/377/242 771/378/243 769/372/237
f 757/379/297 785/380/245 756/375/240
f 742/381/246 772/382/247 771/378/243
f 758/383/248 786/384/249 757/379/297
f 743/385/250 773/386/251 772/382/247
f 759/387/252 787/388/253 758/383/248
f 744/389/254 774/390/255 773/386/251
f 760/391/256 788/392/257 759/387/252
f 745/393/258 775/394/259 774/390/255
f 761/395/260 789/396/261 760/391/256
f 747/397/300 777/398/263 748/399/263
f 761/395/260 791/400/264 790/401/260
f 749/402/265 776/403/266 747/397/300
f 762/404/267 792/405/268 791/400/264
f 750/406/269 778/407/270 749/402/265
f 763/408/271 793/409/272 792/405/268
f 751/410/273 779/411/274 750/406/269
f 764/412/301 794/413/302 793/409/272
f 752/414/277 780/415/278 751/410/273
f 765/416/303 795/417/280 794/413/302
f 753/418/281 781/419/282 752/414/277
f 766/420/283 796/367/232 795/417/280
f 754/370/235 782/421/284 753/418/281
f 718/340/285 776/403/6 719/345/6
f 692/350/20 749/422/21 691/346/21
f 719/345/6 778/407/5 720/349/5
f 693/354/19 750/423/20 692/350/20
f 720/349/5 779/411/4 721/353/4
f 694/358/18 751/424/19 693/354/19
f 721/353/4 780/415/3 722/357/3
f 695/362/17 752/425/18 694/358/18
f 722/357/3 781/419/2 723/361/2
f 696/313/16 753/426/17 695/362/17
f 723/361/2 782/421/1 724/364/1
f 697/312/15 754/427/16 696/313/16
f 724/364/1 783/369/33 725/311/33
f 698/319/14 755/428/15 697/312/15
f 725/311/33 784/376/31 726/318/31
f 699/323/13 756/429/14 698/319/14
f 726/318/31 785/380/30 727/322/30
f 700/327/12 757/430/13 699/323/13
f 727/322/30 786/384/29 728/326/29
f 701/331/11 758/431/12 700/327/12
f 728/326/29 787/388/28 729/330/28
f 702/335/10 759/432/11 701/331/11
f 729/330/28 788/392/27 730/334/27
f 703/339/9 760/433/10 702/335/10
f 730/334/27 789/396/26 731/338/26
f 704/344/8 761/434/9 703/339/9
f 731/338/26 790/401/25 732/435/25
f 705/348/7 762/436/8 704/344/8
f 732/435/25 791/400/24 733/343/24
f 706/352/6 763/437/7 705/348/7
f 733/343/24 792/405/23 734/347/23
f 707/356/5 764/438/6 706/352/6
f 734/347/23 793/409/22 735/351/22
f 708/360/4 765/439/5 707/356/5
f 735/351/22 794/413/21 736/355/21
f 709/308/3 766/440/4 708/360/4
f 736/355/21 795/417/20 737/359/20
f 710/310/2 767/441/3 709/308/3
f 683/316/33 741/442/1 682/314/1
f 737/359/20 796/367/19 738/363/19
f 682/314/1 768/443/2 710/310/2
f 684/321/31 740/444/33 683/316/33
f 738/363/19 797/366/18 739/309/18
f 711/317/17 769/372/16 712/315/16
f 685/325/30 742/445/31 684/321/31
f 739/309/18 770/373/17 711/317/17
f 712/315/16 771/378/15 713/320/15
f 686/329/29 743/446/30 685/325/30
f 713/320/15 772/382/14 714/324/14
f 687/333/28 744/447/29 686/329/29
f 714/324/14 773/386/13 715/328/13
f 688/337/286 745/448/28 687/333/28
f 715/328/13 774/390/12 716/332/12
f 690/341/22 748/449/287 689/342/287
f 716/332/12 775/394/288 717/336/288
f 691/346/21 747/450/22 690/341/22
f 775/451/289 688/452/289 717/453/289
f 748/454/290 718/455/290 689/456/290
f 799/457/307 800/458/307 798/459/307
f 801/460/308 804/461/308 800/462/308
f 805/463/309 802/464/309 804/461/309
f 803/465/310 798/459/310 802/464/310
f 805/466/32 799/467/32 803/468/32
f 807/457/311 808/458/311 806/459/311
f 809/460/312 812/461/312 808/462/312
f 813/463/313 810/464/313 812/461/313
f 811/465/314 806/459/314 810/464/314
f 809/469/32 811/468/32 813/466/32
f 815/457/315 816/458/315 814/459/315
f 817/460/316 820/461/316 816/462/316
f 821/463/317 818/464/317 820/461/317
f 819/465/318 814/459/318 818/464/318
f 821/466/32 815/467/32 819/468/32
f 823/457/319 824/458/319 822/459/319
f 825/460/320 828/461/320 824/462/320
f 829/463/321 826/464/321 828/461/321
f 827/465/322 822/459/322 826/464/322
f 829/466/32 823/467/32 827/468/32
f 831/457/323 832/458/323 830/459/323
f 833/460/324 836/461/324 832/462/324
f 837/463/325 834/464/325 836/461/325
f 835/465/326 830/459/326 834/464/326
f 833/469/32 835/468/32 837/466/32
f 839/457/327 840/458/327 838/459/327
f 841/460/328 844/461/328 840/462/328
f 845/463/329 842/464/329 844/461/329
f 843/465/330 838/459/330 842/464/330
f 841/469/32 843/468/32 845/466/32
f 847/457/331 848/458/331 846/459/331
f 849/460/332 852/461/332 848/462/332
f 853/463/333 850/464/333 852/461/333
f 851/465/334 846/459/334 850/464/334
f 849/469/32 851/468/32 853/466/32
f 855/457/335 856/458/335 854/459/335
f 857/460/336 860/461/336 856/462/336
f 861/463/337 858/464/337 860/461/337
f 859/465/338 854/459/338 858/464/338
f 857/469/32 859/468/32 861/466/32
f 863/457/339 864/458/339 862/459/339
f 865/460/340 868/461/340 864/462/340
f 869/463/341 866/464/341 868/461/341
f 867/465/342 862/459/342 866/464/342
f 869/466/32 863/467/32 867/468/32
f 871/457/343 872/458/343 870/459/343
f 873/460/344 876/461/344 872/462/344
f 877/463/345 874/464/345 876/461/345
f 875/465/346 870/459/346 874/464/346
f 873/469/32 875/468/32 877/466/32
f 879/457/347 880/458/347 878/459/347
f 881/460/348 884/461/348 880/462/348
f 885/463/349 882/464/349 884/461/349
f 883/465/350 878/459/350 882/464/350
f 885/466/32 879/467/32 883/468/32
f 887/457/351 888/458/351 886/459/351
f 889/460/352 892/461/352 888/462/352
f 893/463/353 890/464/353 892/461/353
f 891/465/354 886/459/354 890/464/354
f 893/466/32 887/467/32 891/468/32
f 964/470/1 896/471/36 894/472/1
f 920/473/36 959/474/37 962/475/36
f 958/476/37 900/477/9 898/478/37
f 955/479/40 904/480/41 902/481/40
f 926/482/40 953/483/41 954/484/40
f 952/485/41 906/486/17 904/487/41
f 949/488/44 910/489/45 908/490/44
f 932/491/44 947/492/45 948/493/44
f 938/494/48 960/495/49 942/496/48
f 943/497/48 916/498/49 914/499/48
f 961/500/49 894/472/1 916/498/49
f 963/501/36 898/478/37 896/471/36
f 915/502/48 941/503/49 939/504/48
f 913/505/25 939/504/48 937/506/25
f 911/507/45 937/506/25 935/508/45
f 909/509/44 935/508/45 933/510/44
f 907/511/17 933/510/44 931/512/17
f 905/483/41 931/512/17 929/513/41
f 903/514/40 929/515/41 927/516/40
f 901/517/9 927/516/40 925/518/9
f 899/519/37 925/518/9 923/520/37
f 897/521/36 923/520/37 921/522/36
f 895/523/1 921/522/36 918/524/1
f 918/525/355 940/526/356 941/527/356
f 941/527/356 938/528/357 939/529/357
f 939/529/357 936/530/358 937/531/358
f 935/532/359 936/530/358 934/533/359
f 935/532/359 932/534/360 933/535/360
f 933/535/360 930/536/361 931/537/361
f 931/537/361 928/538/362 929/539/362
f 929/540/362 926/541/363 927/542/363
f 927/542/363 924/543/364 925/544/364
f 925/544/364 922/545/365 923/546/365
f 923/546/365 920/547/366 921/548/366
f 921/548/366 919/549/355 918/525/355
f 917/550/49 918/524/1 941/503/49
f 919/551/1 962/475/36 965/552/1
f 946/553/45 912/554/25 910/489/45
f 936/555/25 942/496/48 944/556/25
f 934/557/45 944/556/25 947/492/45
f 951/558/17 908/490/44 906/486/17
f 930/559/17 948/493/44 950/560/17
f 928/561/41 950/560/17 953/562/41
f 957/563/9 902/481/40 900/477/9
f 924/564/9 954/484/40 956/565/9
f 922/566/37 956/565/9 959/474/37
f 940/567/49 965/552/1 960/495/49
f 956/568/367 958/569/368 959/570/368
f 950/571/369 952/572/370 953/573/370
f 944/574/371 946/575/372 947/576/372
f 965/577/373 963/578/374 964/579/373
f 954/580/375 957/581/367 956/568/367
f 948/582/376 951/583/369 950/571/369
f 942/584/377 945/585/371 944/574/371
f 959/570/368 963/578/374 962/586/374
f 942/584/377 961/587/378 943/588/377
f 947/576/372 949/589/376 948/582/376
f 954/580/375 952/590/370 955/591/375
f 965/577/373 961/587/378 960/592/378
f 945/593/25 914/499/48 912/554/25
f 2/1/1 4/4/2 3/2/2
f 4/4/2 6/6/3 5/5/3
f 6/6/3 8/8/4 7/7/4
f 8/8/4 10/10/5 9/9/5
f 10/10/5 12/12/6 11/11/6
f 12/12/6 14/594/7 13/13/7
f 14/14/7 16/17/8 15/15/8
f 16/17/8 18/19/9 17/18/9
f 18/19/9 20/21/10 19/20/10
f 20/21/10 22/23/11 21/22/11
f 22/23/11 24/25/12 23/24/12
f 24/25/12 26/27/13 25/26/13
f 26/27/13 28/29/14 27/28/14
f 28/29/14 30/31/15 29/30/15
f 30/31/15 32/33/16 31/32/16
f 32/33/16 34/35/17 33/34/17
f 34/35/17 36/37/18 35/36/18
f 36/37/18 38/39/19 37/38/19
f 38/39/19 40/41/20 39/40/20
f 40/41/20 42/43/21 41/42/21
f 42/43/21 44/45/22 43/44/22
f 44/45/22 46/47/23 45/46/23
f 46/47/23 48/49/24 47/48/24
f 48/49/24 50/51/25 49/50/25
f 50/51/25 52/53/26 51/52/26
f 52/53/26 54/55/27 53/54/27
f 54/55/27 56/57/28 55/56/28
f 56/57/28 58/59/29 57/58/29
f 58/59/29 60/61/30 59/60/30
f 60/61/30 62/66/31 61/62/31
f 32/63/32 30/82/32 6/64/32
f 62/66/31 64/68/33 63/67/33
f 64/68/33 2/1/1 1/3/1
f 1/69/34 37/113/34 39/70/34
f 22/75/32 20/73/32 16/72/32
f 24/77/32 22/75/32 14/76/32
f 10/79/32 26/595/32 24/77/32
f 28/80/32 26/595/32 10/79/32
f 30/82/32 28/80/32 8/81/32
f 4/65/32 2/84/32 34/83/32
f 2/84/32 64/86/32 36/85/32
f 64/86/32 62/88/32 38/87/32
f 62/88/32 60/596/32 40/89/32
f 40/89/32 60/596/32 58/90/32
f 58/90/32 56/597/32 44/92/32
f 44/92/32 56/597/32 54/93/32
f 54/93/32 52/96/32 48/95/32
f 15/101/34 17/99/34 21/98/34
f 25/103/34 13/598/34 15/101/34
f 11/104/34 13/598/34 25/103/34
f 29/106/34 9/599/34 11/104/34
f 7/107/34 9/599/34 29/106/34
f 5/109/34 7/107/34 31/108/34
f 3/111/34 5/109/34 33/110/34
f 1/69/34 3/111/34 35/112/34
f 39/70/34 41/600/34 61/114/34
f 61/114/34 41/600/34 43/115/34
f 43/115/34 45/601/34 57/117/34
f 57/117/34 45/601/34 47/118/34
f 47/118/34 49/121/34 53/120/34
f 66/123/1 68/126/35 67/124/35
f 68/126/35 70/128/36 69/127/36
f 70/128/36 72/130/5 71/129/5
f 72/130/5 74/132/37 73/131/37
f 74/132/37 76/134/38 75/133/38
f 76/134/38 78/136/9 77/135/9
f 78/136/9 80/138/39 79/137/39
f 80/138/39 82/602/40 81/139/40
f 82/140/40 84/143/13 83/141/13
f 84/143/13 86/145/41 85/144/41
f 86/145/41 88/147/42 87/146/42
f 88/147/42 90/149/17 89/148/17
f 90/149/17 92/151/43 91/150/43
f 92/151/43 94/153/44 93/152/44
f 94/153/44 96/155/21 95/154/21
f 96/155/21 98/157/45 97/156/45
f 98/157/45 100/159/46 99/158/46
f 100/159/46 102/161/25 101/160/25
f 102/161/25 104/163/47 103/162/47
f 104/163/47 106/165/48 105/164/48
f 106/165/48 108/167/29 107/166/29
f 108/167/29 110/172/49 109/168/49
f 68/169/50 113/207/50 115/170/51
f 110/172/49 112/174/52 111/173/52
f 112/174/52 66/123/1 65/125/1
f 78/178/55 119/214/55 120/179/56
f 88/181/57 124/215/57 125/182/58
f 100/184/59 98/216/60 129/185/60
f 108/187/61 134/217/61 135/188/62
f 74/190/63 117/218/63 118/191/64
f 84/193/65 122/219/65 123/194/66
f 96/196/67 94/220/68 127/197/68
f 106/199/69 104/221/70 132/200/70
f 70/171/51 115/170/51 116/202/71
f 82/204/72 80/180/56 120/179/56
f 66/206/73 114/222/73 113/207/50
f 90/183/58 125/182/58 126/208/74
f 100/184/59 130/186/59 131/210/75
f 112/212/76 110/189/62 135/188/62
f 76/192/64 118/191/64 119/214/55
f 88/181/57 86/195/66 123/194/66
f 96/196/67 128/198/67 129/185/60
f 106/199/69 133/201/69 134/217/61
f 72/203/71 116/202/71 117/218/63
f 82/204/72 121/205/72 122/219/65
f 94/220/68 92/209/74 126/208/74
f 102/211/75 131/210/75 132/200/70
f 112/212/76 136/213/76 114/222/73
f 139/245/32 141/603/32 140/246/32
f 141/248/99 145/604/99 142/249/99
f 143/251/100 144/605/100 139/252/100
f 144/254/101 145/606/101 141/255/101
f 142/257/102 143/607/102 138/258/102
f 148/260/103 153/269/103 147/261/103
f 149/263/104 151/265/104 148/260/104
f 150/264/105 152/268/105 151/265/105
f 153/266/106 152/268/106 150/264/106
f 155/260/107 157/269/107 156/261/107
f 157/266/108 161/268/108 160/264/108
f 161/268/109 159/265/109 158/263/109
f 159/265/110 155/260/110 154/262/110
f 164/260/111 169/269/111 163/261/111
f 165/263/112 167/265/112 164/260/112
f 166/264/113 168/268/113 167/265/113
f 169/266/114 168/268/114 166/264/114
f 172/260/115 177/269/115 171/261/115
f 175/265/116 172/260/116 170/262/116
f 174/264/117 176/268/117 175/265/117
f 171/267/118 177/266/118 176/268/118
f 178/262/119 179/261/119 185/269/119
f 178/262/120 180/260/120 183/265/120
f 181/263/121 183/265/121 184/268/121
f 179/267/122 182/264/122 184/268/122
f 186/262/123 187/261/123 193/269/123
f 186/262/124 188/260/124 191/265/124
f 189/263/125 191/265/125 192/268/125
f 187/267/126 190/264/126 192/268/126
f 194/262/127 195/261/127 201/269/127
f 197/263/128 194/262/128 196/260/128
f 197/263/129 199/265/129 200/268/129
f 198/264/130 200/268/130 201/266/130
f 202/262/131 203/261/131 209/269/132
f 205/263/133 202/262/133 204/260/133
f 205/263/134 207/265/134 208/268/134
f 206/264/135 208/268/135 209/266/135
f 210/262/136 211/261/136 217/269/136
f 213/263/137 210/262/137 212/260/137
f 213/263/138 215/265/138 216/268/138
f 214/264/139 216/268/139 217/266/139
f 218/262/140 219/261/140 225/269/140
f 221/263/141 218/262/141 220/260/141
f 221/263/142 223/265/142 224/268/142
f 222/264/143 224/268/143 225/266/143
f 226/262/144 227/261/144 233/269/144
f 229/263/145 226/262/145 228/260/145
f 229/263/146 231/265/146 232/268/146
f 230/264/147 232/268/148 233/266/148
f 234/262/149 235/261/149 241/269/149
f 237/263/150 234/262/150 236/260/150
f 237/263/151 239/265/151 240/268/151
f 238/264/152 240/268/152 241/266/152
f 243/270/153 245/273/153 244/271/154
f 245/273/155 249/608/155 248/274/155
f 248/275/156 249/278/157 247/276/157
f 246/277/158 247/276/158 243/270/158
f 252/271/159 253/273/159 251/270/159
f 256/274/160 257/608/160 253/273/160
f 256/275/161 254/277/161 255/276/161
f 254/277/162 250/272/162 251/270/162
f 260/271/163 261/273/163 259/270/163
f 264/274/164 265/608/164 261/273/164
f 264/275/165 262/277/165 263/276/165
f 262/277/166 258/272/166 259/270/166
f 267/270/167 269/273/167 268/271/167
f 269/273/168 273/608/168 272/274/168
f 272/275/169 273/278/170 271/276/170
f 270/277/171 271/276/171 267/270/171
f 278/279/34 277/284/34 274/280/34
f 276/282/25 281/609/25 275/281/25
f 280/283/9 279/286/9 277/284/9
f 281/285/32 276/610/32 279/286/32
f 283/287/25 285/307/25 284/288/25
f 284/288/1 285/307/1 289/290/1
f 289/290/9 287/293/9 286/292/9
f 287/293/17 283/611/17 282/294/17
f 289/295/172 292/306/172 293/296/172
f 291/298/173 290/612/173 293/299/173
f 283/301/174 290/613/174 291/302/174
f 287/297/17 293/296/17 290/304/17
f 289/295/1 285/303/1 291/302/1
f 296/288/25 297/307/25 295/287/25
f 296/288/17 300/291/17 301/290/17
f 298/292/9 299/293/9 301/290/9
f 294/294/1 295/611/1 299/293/1
f 305/296/172 304/306/172 301/295/172
f 305/299/173 302/612/173 303/298/173
f 303/302/174 302/613/174 295/301/174
f 302/304/1 305/296/1 299/297/1
f 301/295/17 304/306/17 303/302/17
f 310/279/34 309/284/34 306/280/34
f 308/282/25 313/609/25 307/281/25
f 312/283/9 311/286/9 309/284/9
f 313/285/32 308/610/32 311/286/32
f 318/279/34 317/284/34 314/280/34
f 316/282/25 321/609/25 315/281/25
f 320/283/9 319/286/9 317/284/9
f 321/285/32 316/610/32 319/286/32
f 326/279/34 325/284/34 322/280/34
f 324/282/25 329/609/25 323/281/25
f 328/283/9 327/286/9 325/284/9
f 329/285/32 324/610/32 327/286/32
f 334/279/34 333/284/34 330/280/34
f 332/282/25 337/609/25 331/281/25
f 336/283/9 335/286/9 333/284/9
f 337/285/32 332/610/32 335/286/32
f 342/279/34 341/284/34 338/280/34
f 340/282/25 345/609/25 339/281/25
f 344/283/9 343/286/9 341/284/9
f 345/285/32 340/610/32 343/286/32
f 350/279/34 349/284/34 346/280/34
f 348/282/25 353/609/25 347/281/25
f 352/283/9 351/286/9 349/284/9
f 353/285/32 348/610/32 351/286/32
f 358/279/34 357/284/34 354/280/34
f 356/282/25 361/609/25 355/281/25
f 360/283/9 359/286/9 357/284/9
f 361/285/32 356/610/32 359/286/32
f 366/279/34 365/284/34 362/280/34
f 364/282/25 369/609/25 363/281/25
f 368/283/9 367/286/9 365/284/9
f 369/285/32 364/610/32 367/286/32
f 374/279/34 373/284/34 370/280/34
f 372/282/25 377/609/25 371/281/25
f 376/283/9 375/286/9 373/284/9
f 377/285/32 372/610/32 375/286/32
f 382/279/34 381/284/34 378/280/34
f 380/282/25 385/609/25 379/281/25
f 384/283/9 383/286/9 381/284/9
f 385/285/32 380/610/32 383/286/32
f 390/279/34 389/284/34 386/280/34
f 388/282/25 393/609/25 387/281/25
f 392/283/9 391/286/9 389/284/9
f 393/285/32 388/610/32 391/286/32
f 398/279/34 397/284/34 394/280/34
f 396/282/25 401/609/25 395/281/25
f 400/283/9 399/286/9 397/284/9
f 401/285/32 396/610/32 399/286/32
f 406/279/34 405/284/34 402/280/34
f 404/282/25 409/609/25 403/281/25
f 408/283/9 407/286/9 405/284/9
f 409/285/32 404/610/32 407/286/32
f 414/279/34 413/284/34 410/280/34
f 412/282/25 417/609/25 411/281/25
f 416/283/9 415/286/9 413/284/9
f 417/285/32 412/610/32 415/286/32
f 422/279/34 421/284/34 418/280/34
f 420/282/25 425/609/25 419/281/25
f 424/283/9 423/286/9 421/284/9
f 425/285/32 420/610/32 423/286/32
f 430/279/34 429/284/34 426/280/34
f 428/282/25 433/609/25 427/281/25
f 432/283/9 431/286/9 429/284/9
f 433/285/32 428/610/32 431/286/32
f 438/279/34 437/284/34 434/280/34
f 436/282/25 441/609/25 435/281/25
f 440/283/9 439/286/9 437/284/9
f 441/285/32 436/610/32 439/286/32
f 446/279/34 445/284/34 442/280/34
f 444/282/25 449/609/25 443/281/25
f 448/283/9 447/286/9 445/284/9
f 449/285/32 444/610/32 447/286/32
f 477/308/175 506/363/228 507/309/176
f 493/311/178 494/318/185 465/312/179
f 450/314/181 479/317/184 480/315/182
f 478/310/177 507/309/176 479/317/184
f 494/318/185 495/322/189 466/319/186
f 451/316/183 480/315/182 481/320/187
f 495/322/189 496/326/193 467/323/190
f 452/321/188 481/320/187 482/324/191
f 496/326/193 497/330/197 468/327/194
f 453/325/192 482/324/191 483/328/195
f 497/330/197 498/334/201 469/331/198
f 454/329/196 483/328/195 484/332/199
f 498/334/201 499/338/204 470/335/202
f 455/333/200 484/332/199 485/336/203
f 499/338/204 500/435/205 471/339/205
f 486/340/206 487/345/210 458/341/207
f 471/339/205 500/435/205 501/343/208
f 487/345/210 488/349/214 459/346/211
f 472/344/209 501/343/208 502/347/212
f 488/349/214 489/353/218 460/350/215
f 473/348/213 502/347/212 503/351/216
f 489/353/218 490/357/222 461/354/219
f 474/352/217 503/351/216 504/355/220
f 490/357/222 491/361/226 462/358/223
f 475/356/221 504/355/220 505/359/224
f 491/361/226 492/364/229 463/362/227
f 476/360/225 505/359/224 506/363/228
f 492/364/229 493/311/178 464/313/180
f 535/365/230 536/374/239 565/366/231
f 523/368/233 552/376/241 551/369/234
f 509/371/236 508/377/242 537/372/237
f 536/374/239 509/371/236 538/373/238
f 524/375/240 553/380/245 552/376/241
f 508/377/242 510/381/246 539/378/243
f 525/379/244 554/384/249 553/380/245
f 510/381/246 511/385/250 540/382/247
f 526/383/248 555/388/253 554/384/249
f 511/385/250 512/389/254 541/386/251
f 527/387/252 556/392/257 555/388/253
f 512/389/254 513/393/258 542/390/255
f 528/391/256 557/396/261 556/392/257
f 513/393/258 514/614/259 543/394/259
f 529/395/260 558/401/260 557/396/261
f 515/397/262 544/403/266 545/398/263
f 529/395/260 530/404/267 559/400/264
f 517/402/265 546/407/270 544/403/266
f 530/404/267 531/408/271 560/405/268
f 518/406/269 547/411/274 546/407/270
f 531/408/271 532/412/275 561/409/272
f 519/410/273 548/415/278 547/411/274
f 532/412/275 533/416/279 562/413/276
f 520/414/277 549/419/282 548/415/278
f 533/416/279 534/420/283 563/417/280
f 521/418/281 550/421/284 549/419/282
f 534/420/283 535/365/230 564/367/232
f 522/370/235 551/369/234 550/421/284
f 486/340/285 545/398/285 544/403/6
f 460/350/20 518/423/20 517/422/21
f 487/345/6 544/403/6 546/407/5
f 461/354/19 519/424/19 518/423/20
f 488/349/5 546/407/5 547/411/4
f 462/358/18 520/425/18 519/424/19
f 489/353/4 547/411/4 548/415/3
f 463/362/17 521/426/17 520/425/18
f 490/357/3 548/415/3 549/419/2
f 464/313/16 522/427/16 521/426/17
f 491/361/2 549/419/2 550/421/1
f 465/312/15 523/428/15 522/427/16
f 492/364/1 550/421/1 551/369/33
f 466/319/14 524/429/14 523/428/15
f 493/311/33 551/369/33 552/376/31
f 467/323/13 525/430/13 524/429/14
f 494/318/31 552/376/31 553/380/30
f 468/327/12 526/431/12 525/430/13
f 495/322/30 553/380/30 554/384/29
f 469/331/11 527/432/11 526/431/12
f 496/326/29 554/384/29 555/388/28
f 470/335/10 528/433/10 527/432/11
f 497/330/28 555/388/28 556/392/27
f 471/339/9 529/434/9 528/433/10
f 498/334/27 556/392/27 557/396/26
f 472/344/8 530/436/8 529/434/9
f 499/338/26 557/396/26 558/401/25
f 473/348/7 531/437/7 530/436/8
f 500/435/25 558/401/25 559/400/24
f 474/352/6 532/438/6 531/437/7
f 501/343/24 559/400/24 560/405/23
f 475/356/5 533/439/5 532/438/6
f 502/347/23 560/405/23 561/409/22
f 476/360/4 534/440/4 533/439/5
f 503/351/22 561/409/22 562/413/21
f 477/308/3 535/441/3 534/440/4
f 504/355/21 562/413/21 563/417/20
f 478/310/2 536/443/2 535/441/3
f 451/316/33 508/444/33 509/442/1
f 505/359/20 563/417/20 564/367/19
f 450/314/1 509/442/1 536/443/2
f 452/321/31 510/445/31 508/444/33
f 506/363/19 564/367/19 565/366/18
f 479/317/17 538/373/17 537/372/16
f 453/325/30 511/446/30 510/445/31
f 507/309/18 565/366/18 538/373/17
f 480/315/16 537/372/16 539/378/15
f 454/329/29 512/447/29 511/446/30
f 481/320/15 539/378/15 540/382/14
f 455/333/28 513/448/28 512/447/29
f 482/324/14 540/382/14 541/386/13
f 456/337/286 514/615/286 513/448/28
f 483/328/13 541/386/13 542/390/12
f 458/341/22 515/450/22 516/449/287
f 484/332/12 542/390/12 543/394/288
f 459/346/21 517/422/21 515/450/22
f 543/451/289 514/616/289 456/452/289
f 516/454/290 545/617/290 486/455/290
f 593/308/175 622/363/228 623/309/176
f 609/311/178 610/318/185 581/312/179
f 566/314/181 595/317/184 596/315/182
f 594/310/177 623/309/176 595/317/184
f 610/318/185 611/322/189 582/319/186
f 567/316/183 596/315/182 597/320/187
f 611/322/189 612/326/193 583/323/190
f 568/321/188 597/320/187 598/324/191
f 612/326/193 613/330/197 584/327/291
f 569/325/192 598/324/191 599/328/195
f 613/330/197 614/334/293 585/331/198
f 570/329/196 599/328/195 600/332/199
f 614/334/293 615/338/294 586/335/202
f 571/333/292 600/332/199 601/336/203
f 615/338/294 616/435/205 587/339/205
f 602/340/206 603/345/210 574/341/295
f 587/339/205 616/435/205 617/343/208
f 603/345/210 604/349/214 575/346/211
f 588/344/209 617/343/208 618/347/212
f 604/349/214 605/353/218 576/350/215
f 589/348/213 618/347/212 619/351/216
f 605/353/218 606/357/222 577/354/219
f 590/352/296 619/351/216 620/355/220
f 606/357/222 607/361/226 578/358/223
f 591/356/221 620/355/220 621/359/224
f 607/361/226 608/364/229 579/362/227
f 592/360/225 621/359/224 622/363/228
f 608/364/229 609/311/178 580/313/180
f 651/365/230 652/374/239 681/366/231
f 639/368/233 668/376/241 667/369/234
f 625/371/236 624/377/242 653/372/237
f 652/374/239 625/371/236 654/373/238
f 640/375/240 669/380/245 668/376/241
f 624/377/242 626/381/246 655/378/243
f 641/379/297 670/384/249 669/380/245
f 626/381/246 627/385/250 656/382/247
f 642/383/298 671/388/253 670/384/249
f 627/385/250 628/389/254 657/386/251
f 643/387/252 672/392/257 671/388/253
f 628/389/254 629/393/258 658/390/255
f 644/391/256 673/396/261 672/392/257
f 629/393/258 630/614/259 659/394/259
f 645/395/299 674/401/299 673/396/261
f 631/397/300 660/403/266 661/398/263
f 645/395/299 646/404/267 675/400/264
f 633/402/265 662/407/270 660/403/266
f 646/404/267 647/408/271 676/405/268
f 634/406/269 663/411/274 662/407/270
f 647/408/271 648/412/301 677/409/272
f 635/410/273 664/415/278 663/411/274
f 648/412/301 649/416/303 678/413/302
f 636/414/277 665/419/282 664/415/278
f 649/416/303 650/420/283 679/417/280
f 637/418/281 666/421/284 665/419/282
f 650/420/283 651/365/230 680/367/232
f 638/370/235 667/369/234 666/421/284
f 602/340/285 661/398/285 660/403/6
f 576/350/20 634/423/20 633/422/21
f 603/345/6 660/403/6 662/407/5
f 577/354/19 635/424/19 634/423/20
f 604/349/5 662/407/5 663/411/4
f 578/358/18 636/425/18 635/424/19
f 605/353/4 663/411/4 664/415/3
f 579/362/17 637/426/17 636/425/18
f 606/357/3 664/415/3 665/419/2
f 580/313/16 638/427/16 637/426/17
f 607/361/2 665/419/2 666/421/1
f 581/312/15 639/428/15 638/427/16
f 608/364/1 666/421/1 667/369/33
f 582/319/14 640/429/14 639/428/15
f 609/311/33 667/369/33 668/376/31
f 583/323/13 641/430/13 640/429/14
f 610/318/31 668/376/31 669/380/30
f 584/327/12 642/431/12 641/430/13
f 611/322/30 669/380/30 670/384/29
f 585/331/11 643/432/11 642/431/12
f 612/326/29 670/384/29 671/388/28
f 586/335/10 644/433/10 643/432/11
f 613/330/28 671/388/28 672/392/27
f 587/339/9 645/434/9 644/433/10
f 614/334/27 672/392/27 673/396/26
f 588/344/8 646/436/8 645/434/9
f 615/338/26 673/396/26 674/401/25
f 589/348/7 647/437/7 646/436/8
f 616/435/25 674/401/25 675/400/24
f 590/352/6 648/438/6 647/437/7
f 617/343/24 675/400/24 676/405/23
f 591/356/5 649/439/5 648/438/6
f 618/347/23 676/405/23 677/409/22
f 592/360/4 650/440/4 649/439/5
f 619/351/22 677/409/22 678/413/21
f 593/308/3 651/441/3 650/440/4
f 620/355/21 678/413/21 679/417/20
f 594/310/2 652/443/2 651/441/3
f 567/316/33 624/444/33 625/442/1
f 621/359/20 679/417/20 680/367/19
f 566/314/1 625/442/1 652/443/2
f 568/321/31 626/445/31 624/444/33
f 622/363/19 680/367/19 681/366/18
f 595/317/17 654/373/17 653/372/16
f 569/325/30 627/446/30 626/445/31
f 623/309/18 681/366/18 654/373/17
f 596/315/16 653/372/16 655/378/15
f 570/329/29 628/447/29 627/446/30
f 597/320/15 655/378/15 656/382/14
f 571/333/28 629/448/28 628/447/29
f 598/324/14 656/382/14 657/386/13
f 572/337/286 630/615/286 629/448/28
f 599/328/13 657/386/13 658/390/12
f 574/341/22 631/450/22 632/449/287
f 600/332/12 658/390/12 659/394/288
f 575/346/21 633/422/21 631/450/22
f 659/451/289 630/616/289 572/452/289
f 632/454/290 661/617/290 602/455/290
f 709/308/175 738/363/228 739/309/176
f 725/311/178 726/318/185 697/312/179
f 682/314/181 711/317/184 712/315/182
f 710/310/177 739/309/176 711/317/184
f 726/318/185 727/322/189 698/319/186
f 683/316/183 712/315/182 713/320/187
f 727/322/189 728/326/305 699/323/304
f 684/321/188 713/320/187 714/324/191
f 728/326/305 729/330/197 700/327/291
f 685/325/192 714/324/191 715/328/195
f 729/330/197 730/334/293 701/331/198
f 686/329/196 715/328/195 716/332/199
f 730/334/293 731/338/204 702/335/202
f 687/333/292 716/332/199 717/336/203
f 731/338/204 732/435/205 703/339/205
f 718/340/206 719/345/210 690/341/207
f 703/339/205 732/435/205 733/343/208
f 719/345/210 720/349/214 691/346/211
f 704/344/209 733/343/208 734/347/306
f 720/349/214 721/353/218 692/350/215
f 705/348/213 734/347/306 735/351/216
f 721/353/218 722/357/222 693/354/219
f 706/352/217 735/351/216 736/355/220
f 722/357/222 723/361/226 694/358/223
f 707/356/221 736/355/220 737/359/224
f 723/361/226 724/364/229 695/362/227
f 708/360/225 737/359/224 738/363/228
f 724/364/229 725/311/178 696/313/180
f 767/365/230 768/374/239 797/366/231
f 755/368/233 784/376/241 783/369/234
f 741/371/236 740/377/242 769/372/237
f 768/374/239 741/371/236 770/373/238
f 756/375/240 785/380/245 784/376/241
f 740/377/242 742/381/246 771/378/243
f 757/379/297 786/384/249 785/380/245
f 742/381/246 743/385/250 772/382/247
f 758/383/248 787/388/253 786/384/249
f 743/385/250 744/389/254 773/386/251
f 759/387/252 788/392/257 787/388/253
f 744/389/254 745/393/258 774/390/255
f 760/391/256 789/396/261 788/392/257
f 745/393/258 746/614/259 775/394/259
f 761/395/260 790/401/260 789/396/261
f 747/397/300 776/403/266 777/398/263
f 761/395/260 762/404/267 791/400/264
f 749/402/265 778/407/270 776/403/266
f 762/404/267 763/408/271 792/405/268
f 750/406/269 779/411/274 778/407/270
f 763/408/271 764/412/301 793/409/272
f 751/410/273 780/415/278 779/411/274
f 764/412/301 765/416/303 794/413/302
f 752/414/277 781/419/282 780/415/278
f 765/416/303 766/420/283 795/417/280
f 753/418/281 782/421/284 781/419/282
f 766/420/283 767/365/230 796/367/232
f 754/370/235 783/369/234 782/421/284
f 718/340/285 777/398/285 776/403/6
f 692/350/20 750/423/20 749/422/21
f 719/345/6 776/403/6 778/407/5
f 693/354/19 751/424/19 750/423/20
f 720/349/5 778/407/5 779/411/4
f 694/358/18 752/425/18 751/424/19
f 721/353/4 779/411/4 780/415/3
f 695/362/17 753/426/17 752/425/18
f 722/357/3 780/415/3 781/419/2
f 696/313/16 754/427/16 753/426/17
f 723/361/2 781/419/2 782/421/1
f 697/312/15 755/428/15 754/427/16
f 724/364/1 782/421/1 783/369/33
f 698/319/14 756/429/14 755/428/15
f 725/311/33 783/369/33 784/376/31
f 699/323/13 757/430/13 756/429/14
f 726/318/31 784/376/31 785/380/30
f 700/327/12 758/431/12 757/430/13
f 727/322/30 785/380/30 786/384/29
f 701/331/11 759/432/11 758/431/12
f 728/326/29 786/384/29 787/388/28
f 702/335/10 760/433/10 759/432/11
f 729/330/28 787/388/28 788/392/27
f 703/339/9 761/434/9 760/433/10
f 730/334/27 788/392/27 789/396/26
f 704/344/8 762/436/8 761/434/9
f 731/338/26 789/396/26 790/401/25
f 705/348/7 763/437/7 762/436/8
f 732/435/25 790/401/25 791/400/24
f 706/352/6 764/438/6 763/437/7
f 733/343/24 791/400/24 792/405/23
f 707/356/5 765/439/5 764/438/6
f 734/347/23 792/405/23 793/409/22
f 708/360/4 766/440/4 765/439/5
f 735/351/22 793/409/22 794/413/21
f 709/308/3 767/441/3 766/440/4
f 736/355/21 794/413/21 795/417/20
f 710/310/2 768/443/2 767/441/3
f 683/316/33 740/444/33 741/442/1
f 737/359/20 795/417/20 796/367/19
f 682/314/1 741/442/1 768/443/2
f 684/321/31 742/445/31 740/444/33
f 738/363/19 796/367/19 797/366/18
f 711/317/17 770/373/17 769/372/16
f 685/325/30 743/446/30 742/445/31
f 739/309/18 797/366/18 770/373/17
f 712/315/16 769/372/16 771/378/15
f 686/329/29 744/447/29 743/446/30
f 713/320/15 771/378/15 772/382/14
f 687/333/28 745/448/28 744/447/29
f 714/324/14 772/382/14 773/386/13
f 688/337/286 746/615/286 745/448/28
f 715/328/13 773/386/13 774/390/12
f 690/341/22 747/450/22 748/449/287
f 716/332/12 774/390/12 775/394/288
f 691/346/21 749/422/21 747/450/22
f 775/451/289 746/616/289 688/452/289
f 748/454/290 777/617/290 718/455/290
f 799/457/307 801/618/307 800/458/307
f 801/460/308 805/463/308 804/461/308
f 805/463/309 803/465/309 802/464/309
f 803/465/310 799/457/310 798/459/310
f 805/466/32 801/469/32 799/467/32
f 807/457/311 809/618/311 808/458/311
f 809/460/312 813/463/312 812/461/312
f 813/463/313 811/465/313 810/464/313
f 811/465/314 807/457/314 806/459/314
f 809/469/32 807/467/32 811/468/32
f 815/457/315 817/618/315 816/458/315
f 817/460/316 821/463/316 820/461/316
f 821/463/317 819/465/317 818/464/317
f 819/465/318 815/457/318 814/459/318
f 821/466/32 817/469/32 815/467/32
f 823/457/319 825/618/319 824/458/319
f 825/460/320 829/463/320 828/461/320
f 829/463/321 827/465/321 826/464/321
f 827/465/322 823/457/322 822/459/322
f 829/466/32 825/469/32 823/467/32
f 831/457/323 833/618/323 832/458/323
f 833/460/324 837/463/324 836/461/324
f 837/463/325 835/465/325 834/464/325
f 835/465/326 831/457/326 830/459/326
f 833/469/32 831/467/32 835/468/32
f 839/457/327 841/618/327 840/458/327
f 841/460/328 845/463/328 844/461/328
f 845/463/329 843/465/329 842/464/329
f 843/465/330 839/457/330 838/459/330
f 841/469/32 839/467/32 843/468/32
f 847/457/331 849/618/331 848/458/331
f 849/460/332 853/463/332 852/461/332
f 853/463/333 851/465/333 850/464/333
f 851/465/334 847/457/334 846/459/334
f 849/469/32 847/467/32 851/468/32
f 855/457/335 857/618/335 856/458/335
f 857/460/336 861/463/336 860/461/336
f 861/463/337 859/465/337 858/464/337
f 859/465/338 855/457/338 854/459/338
f 857/469/32 855/467/32 859/468/32
f 863/457/339 865/618/339 864/458/339
f 865/460/340 869/463/340 868/461/340
f 869/463/341 867/465/341 866/464/341
f 867/465/342 863/457/342 862/459/342
f 869/466/32 865/469/32 863/467/32
f 871/457/343 873/618/343 872/458/343
f 873/460/344 877/463/344 876/461/344
f 877/463/345 875/465/345 874/464/345
f 875/465/346 871/457/346 870/459/346
f 873/469/32 871/467/32 875/468/32
f 879/457/347 881/618/347 880/458/347
f 881/460/348 885/463/348 884/461/348
f 885/463/349 883/465/349 882/464/349
f 883/465/350 879/457/350 878/459/350
f 885/466/32 881/469/32 879/467/32
f 887/457/351 889/618/351 888/458/351
f 889/460/352 893/463/352 892/461/352
f 893/463/353 891/465/353 890/464/353
f 891/465/354 887/457/354 886/459/354
f 893/466/32 889/469/32 887/467/32
f 964/470/1 963/501/36 896/471/36
f 920/473/36 922/566/37 959/474/37
f 958/476/37 957/563/9 900/477/9
f 955/479/40 952/619/41 904/480/41
f 926/482/40 928/620/41 953/483/41
f 952/485/41 951/558/17 906/486/17
f 949/488/44 946/553/45 910/489/45
f 932/491/44 934/557/45 947/492/45
f 938/494/48 940/567/49 960/495/49
f 943/497/48 961/500/49 916/498/49
f 961/500/49 964/470/1 894/472/1
f 963/501/36 958/476/37 898/478/37
f 915/502/48 917/550/49 941/503/49
f 913/505/25 915/502/48 939/504/48
f 911/507/45 913/505/25 937/506/25
f 909/509/44 911/507/45 935/508/45
f 907/511/17 909/509/44 933/510/44
f 905/483/41 907/511/17 931/512/17
f 903/514/40 905/621/41 929/515/41
f 901/517/9 903/514/40 927/516/40
f 899/519/37 901/517/9 925/518/9
f 897/521/36 899/519/37 923/520/37
f 895/523/1 897/521/36 921/522/36
f 918/525/355 919/549/355 940/526/356
f 941/527/356 940/526/356 938/528/357
f 939/529/357 938/528/357 936/530/358
f 935/532/359 937/531/358 936/530/358
f 935/532/359 934/533/359 932/534/360
f 933/535/360 932/534/360 930/536/361
f 931/537/361 930/536/361 928/538/362
f 929/540/362 928/622/362 926/541/363
f 927/542/363 926/541/363 924/543/364
f 925/544/364 924/543/364 922/545/365
f 923/546/365 922/545/365 920/547/366
f 921/548/366 920/547/366 919/549/355
f 917/550/49 895/523/1 918/524/1
f 919/551/1 920/473/36 962/475/36
f 946/553/45 945/593/25 912/554/25
f 936/555/25 938/494/48 942/496/48
f 934/557/45 936/555/25 944/556/25
f 951/558/17 949/488/44 908/490/44
f 930/559/17 932/491/44 948/493/44
f 928/561/41 930/559/17 950/560/17
f 957/563/9 955/479/40 902/481/40
f 924/564/9 926/482/40 954/484/40
f 922/566/37 924/564/9 956/565/9
f 940/567/49 919/551/1 965/552/1
f 956/568/367 957/581/367 958/569/368
f 950/571/369 951/583/369 952/572/370
f 944/574/371 945/585/371 946/575/372
f 965/577/373 962/586/374 963/578/374
f 954/580/375 955/591/375 957/581/367
f 948/582/376 949/589/376 951/583/369
f 942/584/377 943/588/377 945/585/371
f 959/570/368 958/569/368 963/578/374
f 942/584/377 960/592/378 961/587/378
f 947/576/372 946/575/372 949/589/376
f 954/580/375 953/623/370 952/590/370
f 965/577/373 964/579/373 961/587/378
f 945/593/25 943/497/48 914/499/48
